task_id,example_id,input_shape,output_shape,shape_changed,input_obj_count,output_obj_count,obj_count_changed,detected_rules,rule_count,recolor,rotation,reflection,crop,scale_up,translation
00576224,1,2x2,6x6,True,4,36,True,None,0,False,,,False,False,False
00576224,2,2x2,6x6,True,4,30,True,None,0,False,,,False,False,False
007bbfb7,1,3x3,9x9,True,2,9,True,None,0,False,,,False,False,False
007bbfb7,2,3x3,9x9,True,3,9,True,None,0,False,,,False,False,False
007bbfb7,3,3x3,9x9,True,2,6,True,None,0,False,,,False,False,False
007bbfb7,4,3x3,9x9,True,2,7,True,None,0,False,,,False,False,False
007bbfb7,5,3x3,9x9,True,1,1,False,None,0,False,,,False,False,False
009d5c81,1,14x14,14x14,False,3,1,True,recolor,1,True,,,False,False,False
009d5c81,2,14x14,14x14,False,9,6,True,recolor,1,True,,,False,False,False
009d5c81,3,14x14,14x14,False,2,1,True,recolor,1,True,,,False,False,False
009d5c81,4,14x14,14x14,False,10,7,True,recolor,1,True,,,False,False,False
009d5c81,5,14x14,14x14,False,2,1,True,recolor,1,True,,,False,False,False
00d62c1b,1,10x10,10x10,False,5,8,True,None,0,False,,,False,False,False
00d62c1b,2,10x10,10x10,False,9,10,True,None,0,False,,,False,False,False
00d62c1b,3,10x10,10x10,False,11,13,True,None,0,False,,,False,False,False
00d62c1b,4,20x20,20x20,False,14,19,True,None,0,False,,,False,False,False
00d62c1b,5,6x6,6x6,False,6,8,True,None,0,False,,,False,False,False
00dbd492,1,15x15,15x15,False,4,6,True,None,0,False,,,False,False,False
00dbd492,2,9x9,9x9,False,2,3,True,None,0,False,,,False,False,False
00dbd492,3,13x13,13x13,False,4,6,True,None,0,False,,,False,False,False
00dbd492,4,7x7,7x7,False,2,3,True,None,0,False,,,False,False,False
017c7c7b,1,6x3,9x3,True,9,13,True,None,0,False,,,False,False,False
017c7c7b,2,6x3,9x3,True,1,1,False,None,0,False,,,False,False,False
017c7c7b,3,6x3,9x3,True,1,1,False,None,0,False,,,False,False,False
025d127b,1,8x9,8x9,False,6,4,True,None,0,False,,,False,False,False
025d127b,2,14x9,14x9,False,8,5,True,None,0,False,,,False,False,False
03560426,1,10x10,10x10,False,3,3,False,None,0,False,,,False,False,False
03560426,2,10x10,10x10,False,4,4,False,None,0,False,,,False,False,False
03560426,3,10x10,10x10,False,3,3,False,None,0,False,,,False,False,False
045e512c,1,21x21,21x21,False,4,8,True,None,0,False,,,False,False,False
045e512c,2,21x21,21x21,False,3,7,True,None,0,False,,,False,False,False
045e512c,3,21x21,21x21,False,5,12,True,None,0,False,,,False,False,False
0520fde7,1,3x7,3x3,True,5,3,True,None,0,False,,,False,False,False
0520fde7,2,3x7,3x3,True,5,1,True,None,0,False,,,False,False,False
0520fde7,3,3x7,3x3,True,5,2,True,None,0,False,,,False,False,False
05269061,1,7x7,7x7,False,12,49,True,None,0,False,,,False,False,False
05269061,2,7x7,7x7,False,6,49,True,None,0,False,,,False,False,False
05269061,3,7x7,7x7,False,15,49,True,None,0,False,,,False,False,False
05a7bcf2,1,30x30,30x30,False,6,18,True,None,0,False,,,False,False,False
05a7bcf2,2,30x30,30x30,False,6,18,True,None,0,False,,,False,False,False
05a7bcf2,3,30x30,30x30,False,5,14,True,None,0,False,,,False,False,False
05f2a901,1,9x10,9x10,False,2,2,False,None,0,False,,,False,False,False
05f2a901,2,14x9,14x9,False,2,2,False,None,0,False,,,False,False,False
05f2a901,3,11x10,11x10,False,2,2,False,None,0,False,,,False,False,False
0607ce86,1,21x22,21x22,False,67,36,True,None,0,False,,,False,False,False
0607ce86,2,23x22,23x22,False,54,24,True,None,0,False,,,False,False,False
0607ce86,3,22x22,22x22,False,55,27,True,None,0,False,,,False,False,False
0692e18c,1,3x3,9x9,True,3,6,True,None,0,False,,,False,False,False
0692e18c,2,3x3,9x9,True,1,12,True,None,0,False,,,False,False,False
0692e18c,3,3x3,9x9,True,2,8,True,None,0,False,,,False,False,False
06df4c85,1,23x23,23x23,False,9,18,True,None,0,False,,,False,False,False
06df4c85,2,20x20,20x20,False,7,12,True,None,0,False,,,False,False,False
06df4c85,3,23x23,23x23,False,7,16,True,None,0,False,,,False,False,False
070dd51e,1,20x10,20x10,False,10,8,True,None,0,False,,,False,False,False
070dd51e,2,30x20,30x20,False,10,7,True,None,0,False,,,False,False,False
08ed6ac7,1,9x9,9x9,False,4,4,False,None,0,False,,,False,False,False
08ed6ac7,2,9x9,9x9,False,4,4,False,None,0,False,,,False,False,False
09629e4f,1,11x11,11x11,False,45,5,True,None,0,False,,,False,False,False
09629e4f,2,11x11,11x11,False,45,5,True,None,0,False,,,False,False,False
09629e4f,3,11x11,11x11,False,45,5,True,None,0,False,,,False,False,False
09629e4f,4,11x11,11x11,False,45,5,True,None,0,False,,,False,False,False
0962bcdd,1,12x12,12x12,False,10,26,True,None,0,False,,,False,False,False
0962bcdd,2,12x12,12x12,False,10,26,True,None,0,False,,,False,False,False
09c534e7,1,20x20,20x20,False,6,12,True,None,0,False,,,False,False,False
09c534e7,2,30x30,30x30,False,4,19,True,None,0,False,,,False,False,False
09c534e7,3,18x18,18x18,False,6,13,True,None,0,False,,,False,False,False
0a1d4ef5,1,30x30,2x3,True,209,6,True,None,0,False,,,False,False,False
0a1d4ef5,2,30x30,3x3,True,193,9,True,None,0,False,,,False,False,False
0a1d4ef5,3,30x30,3x3,True,203,9,True,None,0,False,,,False,False,False
0a2355a6,1,14x14,14x14,False,4,4,False,None,0,False,,,False,False,False
0a2355a6,2,14x11,14x11,False,4,4,False,None,0,False,,,False,False,False
0a2355a6,3,15x14,15x14,False,4,4,False,None,0,False,,,False,False,False
0a2355a6,4,9x11,9x11,False,3,3,False,None,0,False,,,False,False,False
0a938d79,1,22x9,22x9,False,2,9,True,None,0,False,,,False,False,False
0a938d79,2,7x23,7x23,False,2,6,True,None,0,False,,,False,False,False
0a938d79,3,24x8,24x8,False,2,5,True,None,0,False,,,False,False,False
0a938d79,4,10x25,10x25,False,2,10,True,None,0,False,,,False,False,False
0b148d64,1,18x19,7x9,True,18,5,True,crop,1,False,,,True,False,False
0b148d64,2,21x21,10x10,True,16,4,True,crop,1,False,,,True,False,False
0b148d64,3,19x17,9x6,True,16,5,True,crop,1,False,,,True,False,False
0b17323b,1,15x15,15x15,False,3,4,True,None,0,False,,,False,False,False
0b17323b,2,15x15,15x15,False,3,7,True,None,0,False,,,False,False,False
0bb8deee,1,15x13,6x6,True,9,8,True,None,0,False,,,False,False,False
0bb8deee,2,12x13,6x6,True,9,8,True,None,0,False,,,False,False,False
0bb8deee,3,16x12,6x6,True,10,9,True,None,0,False,,,False,False,False
0becf7df,1,10x10,10x10,False,8,8,False,None,0,False,,,False,False,False
0becf7df,2,10x10,10x10,False,8,8,False,None,0,False,,,False,False,False
0becf7df,3,10x10,10x10,False,11,11,False,None,0,False,,,False,False,False
0c786b71,1,3x4,6x8,True,6,15,True,None,0,False,,,False,False,False
0c786b71,2,3x4,6x8,True,9,24,True,None,0,False,,,False,False,False
0c786b71,3,3x4,6x8,True,5,11,True,None,0,False,,,False,False,False
0c9aba6e,1,13x4,6x4,True,11,5,True,None,0,False,,,False,False,False
0c9aba6e,2,13x4,6x4,True,12,4,True,None,0,False,,,False,False,False
0c9aba6e,3,13x4,6x4,True,7,2,True,None,0,False,,,False,False,False
0c9aba6e,4,13x4,6x4,True,6,3,True,None,0,False,,,False,False,False
0ca9ddb6,1,9x9,9x9,False,5,21,True,None,0,False,,,False,False,False
0ca9ddb6,2,9x9,9x9,False,2,10,True,None,0,False,,,False,False,False
0ca9ddb6,3,9x9,9x9,False,3,11,True,None,0,False,,,False,False,False
0d3d703e,1,3x3,3x3,False,3,3,False,recolor,1,True,,,False,False,False
0d3d703e,2,3x3,3x3,False,3,3,False,recolor,1,True,,,False,False,False
0d3d703e,3,3x3,3x3,False,3,3,False,recolor,1,True,,,False,False,False
0d3d703e,4,3x3,3x3,False,3,3,False,recolor,1,True,,,False,False,False
0d87d2a6,1,10x20,10x20,False,7,5,True,None,0,False,,,False,False,False
0d87d2a6,2,20x20,20x20,False,10,4,True,None,0,False,,,False,False,False
0d87d2a6,3,13x14,13x14,False,10,4,True,None,0,False,,,False,False,False
0e206a2e,1,14x15,14x15,False,9,6,True,None,0,False,,,False,False,False
0e206a2e,2,14x18,14x18,False,18,12,True,None,0,False,,,False,False,False
0e206a2e,3,16x14,16x14,False,11,8,True,None,0,False,,,False,False,False
0e671a1a,1,13x13,13x13,False,3,5,True,None,0,False,,,False,False,False
0e671a1a,2,13x13,13x13,False,3,4,True,None,0,False,,,False,False,False
0e671a1a,3,13x13,13x13,False,3,4,True,None,0,False,,,False,False,False
0e671a1a,4,13x13,13x13,False,3,5,True,None,0,False,,,False,False,False
0f63c0b9,1,15x15,15x15,False,3,3,False,None,0,False,,,False,False,False
0f63c0b9,2,15x15,15x15,False,4,4,False,None,0,False,,,False,False,False
0f63c0b9,3,15x15,15x15,False,3,3,False,None,0,False,,,False,False,False
0f63c0b9,4,15x15,15x15,False,3,3,False,None,0,False,,,False,False,False
103eff5b,1,22x12,22x12,False,7,10,True,None,0,False,,,False,False,False
103eff5b,2,24x13,24x13,False,7,10,True,None,0,False,,,False,False,False
10fcaaa3,1,5x3,10x6,True,2,20,True,None,0,False,,,False,False,False
10fcaaa3,2,3x4,6x8,True,2,10,True,None,0,False,,,False,False,False
10fcaaa3,3,4x4,8x8,True,1,20,True,None,0,False,,,False,False,False
10fcaaa3,4,2x4,4x8,True,1,12,True,None,0,False,,,False,False,False
11852cab,1,10x10,10x10,False,10,13,True,None,0,False,,,False,False,False
11852cab,2,10x10,10x10,False,10,13,True,None,0,False,,,False,False,False
11852cab,3,10x10,10x10,False,10,13,True,None,0,False,,,False,False,False
1190bc91,1,10x10,10x10,False,9,58,True,None,0,False,,,False,False,False
1190bc91,2,10x10,10x10,False,8,54,True,None,0,False,,,False,False,False
1190bc91,3,4x4,4x4,False,4,14,True,None,0,False,,,False,False,False
1190e5a7,1,11x11,3x2,True,7,1,True,crop,1,False,,,True,False,False
1190e5a7,2,15x15,2x4,True,9,1,True,crop,1,False,,,True,False,False
1190e5a7,3,27x27,6x5,True,31,1,True,crop,1,False,,,True,False,False
11dc524f,1,13x13,13x13,False,5,5,False,None,0,False,,,False,False,False
11dc524f,2,13x13,13x13,False,3,3,False,None,0,False,,,False,False,False
11dc524f,3,13x13,13x13,False,4,5,True,None,0,False,,,False,False,False
11e1fe23,1,12x11,12x11,False,3,7,True,None,0,False,,,False,False,False
11e1fe23,2,10x12,10x12,False,3,7,True,None,0,False,,,False,False,False
12422b43,1,13x6,13x6,False,6,16,True,None,0,False,,,False,False,False
12422b43,2,8x7,8x7,False,6,9,True,None,0,False,,,False,False,False
12422b43,3,9x7,9x7,False,6,9,True,None,0,False,,,False,False,False
12422b43,4,7x6,7x6,False,5,7,True,None,0,False,,,False,False,False
12422b43,5,5x5,5x5,False,4,5,True,None,0,False,,,False,False,False
12997ef3,1,11x11,6x3,True,4,4,False,None,0,False,,,False,False,False
12997ef3,2,11x9,9x3,True,4,3,True,None,0,False,,,False,False,False
12997ef3,3,11x10,3x6,True,3,2,True,None,0,False,,,False,False,False
12997ef3,4,11x14,3x9,True,6,9,True,None,0,False,,,False,False,False
12eac192,1,5x8,5x8,False,13,11,True,None,0,False,,,False,False,False
12eac192,2,9x8,9x8,False,18,14,True,None,0,False,,,False,False,False
12eac192,3,3x3,3x3,False,3,3,False,recolor,1,True,,,False,False,False
12eac192,4,7x8,7x8,False,13,10,True,None,0,False,,,False,False,False
13713586,1,16x17,16x17,False,4,4,False,None,0,False,,,False,False,False
13713586,2,16x15,16x15,False,4,4,False,None,0,False,,,False,False,False
13713586,3,17x17,17x17,False,4,4,False,None,0,False,,,False,False,False
137eaa0f,1,11x11,3x3,True,9,6,True,None,0,False,,,False,False,False
137eaa0f,2,11x11,3x3,True,6,4,True,None,0,False,,,False,False,False
137eaa0f,3,11x11,3x3,True,7,5,True,None,0,False,,,False,False,False
137f0df0,1,10x10,10x10,False,6,12,True,None,0,False,,,False,False,False
137f0df0,2,10x10,10x10,False,9,14,True,None,0,False,,,False,False,False
137f0df0,3,10x10,10x10,False,9,14,True,None,0,False,,,False,False,False
13f06aa5,1,12x14,12x14,False,5,11,True,None,0,False,,,False,False,False
13f06aa5,2,11x13,11x13,False,5,7,True,None,0,False,,,False,False,False
13f06aa5,3,15x12,15x12,False,3,9,True,None,0,False,,,False,False,False
140c817e,1,9x9,9x9,False,3,26,True,None,0,False,,,False,False,False
140c817e,2,13x13,13x13,False,5,46,True,None,0,False,,,False,False,False
140c817e,3,11x11,11x11,False,4,35,True,None,0,False,,,False,False,False
14754a24,1,14x15,14x15,False,36,38,True,None,0,False,,,False,False,False
14754a24,2,18x16,18x16,False,49,60,True,None,0,False,,,False,False,False
14754a24,3,14x15,14x15,False,34,40,True,None,0,False,,,False,False,False
14754a24,4,18x19,18x19,False,49,54,True,None,0,False,,,False,False,False
1478ab18,1,8x8,8x8,False,5,6,True,None,0,False,,,False,False,False
1478ab18,2,8x8,8x8,False,5,9,True,None,0,False,,,False,False,False
1478ab18,3,8x8,8x8,False,5,11,True,None,0,False,,,False,False,False
14b8e18c,1,10x10,10x10,False,8,19,True,None,0,False,,,False,False,False
14b8e18c,2,10x10,10x10,False,5,13,True,None,0,False,,,False,False,False
14b8e18c,3,10x10,10x10,False,4,23,True,None,0,False,,,False,False,False
150deff5,1,8x10,8x10,False,1,6,True,None,0,False,,,False,False,False
150deff5,2,9x11,9x11,False,1,5,True,None,0,False,,,False,False,False
150deff5,3,8x9,8x9,False,2,4,True,None,0,False,,,False,False,False
15113be4,1,23x23,23x23,False,68,75,True,None,0,False,,,False,False,False
15113be4,2,23x23,23x23,False,51,55,True,None,0,False,,,False,False,False
15113be4,3,23x23,23x23,False,60,73,True,None,0,False,,,False,False,False
15660dd6,1,19x19,5x17,True,35,15,True,None,0,False,,,False,False,False
15660dd6,2,22x29,6x27,True,49,20,True,None,0,False,,,False,False,False
15663ba9,1,12x15,12x15,False,3,40,True,None,0,False,,,False,False,False
15663ba9,2,13x13,13x13,False,2,31,True,None,0,False,,,False,False,False
15663ba9,3,14x16,14x16,False,2,40,True,None,0,False,,,False,False,False
15696249,1,3x3,9x9,True,4,10,True,None,0,False,,,False,False,False
15696249,2,3x3,9x9,True,5,13,True,None,0,False,,,False,False,False
15696249,3,3x3,9x9,True,7,15,True,None,0,False,,,False,False,False
15696249,4,3x3,9x9,True,5,13,True,None,0,False,,,False,False,False
17829a00,1,16x16,16x16,False,17,10,True,None,0,False,,,False,False,False
17829a00,2,16x16,16x16,False,14,8,True,None,0,False,,,False,False,False
178fcbfb,1,10x8,10x8,False,4,7,True,None,0,False,,,False,False,False
178fcbfb,2,9x9,9x9,False,3,5,True,None,0,False,,,False,False,False
178fcbfb,3,10x11,10x11,False,5,11,True,None,0,False,,,False,False,False
17b80ad2,1,12x12,12x12,False,8,7,True,None,0,False,,,False,False,False
17b80ad2,2,13x13,13x13,False,19,17,True,None,0,False,,,False,False,False
17b80ad2,3,7x7,7x7,False,2,2,False,None,0,False,,,False,False,False
17b80ad2,4,17x17,17x17,False,31,28,True,None,0,False,,,False,False,False
17b866bd,1,16x21,16x21,False,2,2,False,None,0,False,,,False,False,False
17b866bd,2,16x16,16x16,False,4,4,False,None,0,False,,,False,False,False
17cae0c1,1,3x9,3x9,False,1,3,True,None,0,False,,,False,False,False
17cae0c1,2,3x9,3x9,False,5,3,True,None,0,False,,,False,False,False
17cae0c1,3,3x9,3x9,False,2,3,True,None,0,False,,,False,False,False
17cae0c1,4,3x9,3x9,False,5,3,True,None,0,False,,,False,False,False
18286ef8,1,12x12,12x12,False,16,16,False,None,0,False,,,False,False,False
18286ef8,2,8x8,8x8,False,14,14,False,None,0,False,,,False,False,False
18286ef8,3,15x15,15x15,False,20,20,False,None,0,False,,,False,False,False
182e5d0f,1,12x12,12x12,False,10,8,True,None,0,False,,,False,False,False
182e5d0f,2,9x9,9x9,False,4,3,True,None,0,False,,,False,False,False
182e5d0f,3,13x13,13x13,False,10,9,True,None,0,False,,,False,False,False
18419cfa,1,18x17,18x17,False,2,2,False,None,0,False,,,False,False,False
18419cfa,2,16x22,16x22,False,4,4,False,None,0,False,,,False,False,False
18419cfa,3,24x16,24x16,False,6,8,True,None,0,False,,,False,False,False
18447a8d,1,13x11,13x11,False,7,7,False,None,0,False,,,False,False,False
18447a8d,2,9x11,9x11,False,5,5,False,None,0,False,,,False,False,False
18447a8d,3,17x11,17x11,False,9,9,False,None,0,False,,,False,False,False
184a9768,1,20x22,20x22,False,17,6,True,None,0,False,,,False,False,False
184a9768,2,21x23,21x23,False,14,7,True,None,0,False,,,False,False,False
184a9768,3,20x20,20x20,False,17,6,True,None,0,False,,,False,False,False
195ba7dc,1,5x13,5x6,True,9,2,True,None,0,False,,,False,False,False
195ba7dc,2,5x13,5x6,True,8,3,True,None,0,False,,,False,False,False
195ba7dc,3,5x13,5x6,True,7,1,True,None,0,False,,,False,False,False
195ba7dc,4,5x13,5x6,True,13,2,True,None,0,False,,,False,False,False
1990f7a8,1,17x19,7x7,True,8,8,False,None,0,False,,,False,False,False
1990f7a8,2,23x23,7x7,True,8,8,False,None,0,False,,,False,False,False
1990f7a8,3,17x16,7x7,True,11,11,False,None,0,False,,,False,False,False
19bb5feb,1,16x15,2x2,True,4,3,True,None,0,False,,,False,False,False
19bb5feb,2,13x15,2x2,True,3,2,True,None,0,False,,,False,False,False
19bb5feb,3,14x16,2x2,True,4,3,True,None,0,False,,,False,False,False
1a07d186,1,15x14,15x14,False,8,2,True,None,0,False,,,False,False,False
1a07d186,2,18x19,18x19,False,7,2,True,None,0,False,,,False,False,False
1a07d186,3,15x16,15x16,False,6,1,True,None,0,False,,,False,False,False
1a244afd,1,16x16,16x16,False,9,9,False,None,0,False,,,False,False,False
1a244afd,2,10x10,10x10,False,7,7,False,None,0,False,,,False,False,False
1a244afd,3,8x8,8x8,False,7,5,True,None,0,False,,,False,False,False
1a2e2828,1,11x12,1x1,True,11,1,True,crop,1,False,,,True,False,False
1a2e2828,2,9x11,1x1,True,8,1,True,crop,1,False,,,True,False,False
1a2e2828,3,11x11,1x1,True,11,1,True,crop,1,False,,,True,False,False
1a2e2828,4,3x3,1x1,True,3,1,True,crop,1,False,,,True,False,False
1a2e2828,5,8x12,1x1,True,8,1,True,crop,1,False,,,True,False,False
1a6449f1,1,21x23,8x10,True,117,22,True,crop,1,False,,,True,False,False
1a6449f1,2,19x13,6x7,True,61,14,True,crop,1,False,,,True,False,False
1a6449f1,3,22x21,4x5,True,122,5,True,crop,1,False,,,True,False,False
1acc24af,1,12x12,12x12,False,5,5,False,None,0,False,,,False,False,False
1acc24af,2,12x12,12x12,False,4,4,False,None,0,False,,,False,False,False
1acc24af,3,12x12,12x12,False,5,5,False,None,0,False,,,False,False,False
1acc24af,4,12x12,12x12,False,3,3,False,None,0,False,,,False,False,False
1b2d62fb,1,5x7,5x3,True,7,3,True,None,0,False,,,False,False,False
1b2d62fb,2,5x7,5x3,True,5,1,True,None,0,False,,,False,False,False
1b2d62fb,3,5x7,5x3,True,8,3,True,None,0,False,,,False,False,False
1b2d62fb,4,5x7,5x3,True,5,1,True,None,0,False,,,False,False,False
1b2d62fb,5,5x7,5x3,True,5,1,True,None,0,False,,,False,False,False
1b59e163,1,18x18,18x18,False,12,9,True,None,0,False,,,False,False,False
1b59e163,2,18x18,18x18,False,19,15,True,None,0,False,,,False,False,False
1b60fb0c,1,10x10,10x10,False,1,2,True,None,0,False,,,False,False,False
1b60fb0c,2,10x10,10x10,False,1,2,True,None,0,False,,,False,False,False
1b60fb0c,3,10x10,10x10,False,1,2,True,None,0,False,,,False,False,False
1b8318e3,1,15x15,15x15,False,16,16,False,None,0,False,,,False,False,False
1b8318e3,2,10x10,10x10,False,10,10,False,None,0,False,,,False,False,False
1b8318e3,3,15x15,15x15,False,11,11,False,None,0,False,,,False,False,False
1be83260,1,27x15,23x11,True,11,31,True,None,0,False,,,False,False,False
1be83260,2,17x19,11x11,True,7,13,True,None,0,False,,,False,False,False
1bfc4729,1,10x10,10x10,False,2,2,False,None,0,False,,,False,False,False
1bfc4729,2,10x10,10x10,False,2,2,False,None,0,False,,,False,False,False
1c02dbbe,1,15x15,15x15,False,7,4,True,None,0,False,,,False,False,False
1c02dbbe,2,15x15,15x15,False,4,2,True,None,0,False,,,False,False,False
1c02dbbe,3,15x15,15x15,False,10,4,True,None,0,False,,,False,False,False
1c0d0a4b,1,9x13,9x13,False,14,15,True,None,0,False,,,False,False,False
1c0d0a4b,2,5x13,5x13,False,4,5,True,None,0,False,,,False,False,False
1c0d0a4b,3,9x9,9x9,False,8,10,True,None,0,False,,,False,False,False
1c56ad9f,1,15x15,15x15,False,1,7,True,None,0,False,,,False,False,False
1c56ad9f,2,15x14,15x14,False,1,18,True,None,0,False,,,False,False,False
1c56ad9f,3,15x15,15x15,False,1,28,True,None,0,False,,,False,False,False
1c56ad9f,4,13x14,13x14,False,1,7,True,None,0,False,,,False,False,False
1c786137,1,13x16,5x3,True,79,8,True,crop,1,False,,,True,False,False
1c786137,2,23x21,6x8,True,209,17,True,crop,1,False,,,True,False,False
1c786137,3,17x18,8x10,True,106,34,True,crop,1,False,,,True,False,False
1caeab9d,1,10x10,10x10,False,3,3,False,None,0,False,,,False,False,False
1caeab9d,2,5x10,5x10,False,3,3,False,None,0,False,,,False,False,False
1caeab9d,3,5x10,5x10,False,3,3,False,None,0,False,,,False,False,False
1cf80156,1,11x12,5x3,True,1,1,False,crop,1,False,,,True,False,False
1cf80156,2,10x12,4x4,True,1,1,False,crop,1,False,,,True,False,False
1cf80156,3,12x12,3x5,True,1,1,False,crop,1,False,,,True,False,False
1d0a4b61,1,25x25,25x25,False,284,325,True,None,0,False,,,False,False,False
1d0a4b61,2,25x25,25x25,False,243,273,True,None,0,False,,,False,False,False
1d0a4b61,3,25x25,25x25,False,198,217,True,None,0,False,,,False,False,False
1d398264,1,20x20,20x20,False,7,28,True,None,0,False,,,False,False,False
1d398264,2,10x10,10x10,False,6,17,True,None,0,False,,,False,False,False
1d398264,3,15x15,15x15,False,5,19,True,None,0,False,,,False,False,False
1d61978c,1,16x16,16x16,False,27,27,False,None,0,False,,,False,False,False
1d61978c,2,16x16,16x16,False,30,30,False,None,0,False,,,False,False,False
1da012fc,1,14x20,14x20,False,9,9,False,None,0,False,,,False,False,False
1da012fc,2,19x22,19x22,False,7,7,False,None,0,False,,,False,False,False
1e0a9b12,1,6x6,6x6,False,5,4,True,None,0,False,,,False,False,False
1e0a9b12,2,4x4,4x4,False,5,4,True,None,0,False,,,False,False,False
1e0a9b12,3,5x5,5x5,False,6,4,True,None,0,False,,,False,False,False
1e32b0e9,1,17x17,17x17,False,9,21,True,None,0,False,,,False,False,False
1e32b0e9,2,17x17,17x17,False,8,16,True,None,0,False,,,False,False,False
1e32b0e9,3,17x17,17x17,False,11,37,True,None,0,False,,,False,False,False
1e5d6875,1,8x8,8x8,False,4,7,True,None,0,False,,,False,False,False
1e5d6875,2,8x8,8x8,False,5,9,True,None,0,False,,,False,False,False
1e81d6f9,1,15x15,15x15,False,29,24,True,None,0,False,,,False,False,False
1e81d6f9,2,15x15,15x15,False,17,14,True,None,0,False,,,False,False,False
1e81d6f9,3,15x15,15x15,False,34,29,True,None,0,False,,,False,False,False
1efba499,1,12x12,12x12,False,8,16,True,None,0,False,,,False,False,False
1efba499,2,12x12,12x12,False,12,14,True,None,0,False,,,False,False,False
1efba499,3,12x14,12x14,False,10,11,True,None,0,False,,,False,False,False
1f0c79e5,1,9x9,9x9,False,4,1,True,None,0,False,,,False,False,False
1f0c79e5,2,9x9,9x9,False,2,1,True,None,0,False,,,False,False,False
1f0c79e5,3,9x9,9x9,False,2,1,True,None,0,False,,,False,False,False
1f0c79e5,4,9x9,9x9,False,2,1,True,None,0,False,,,False,False,False
1f642eb9,1,10x10,10x10,False,6,11,True,None,0,False,,,False,False,False
1f642eb9,2,10x10,10x10,False,4,7,True,None,0,False,,,False,False,False
1f642eb9,3,10x10,10x10,False,7,13,True,None,0,False,,,False,False,False
1f85a75f,1,30x30,3x3,True,37,1,True,crop,1,False,,,True,False,False
1f85a75f,2,30x30,5x3,True,87,1,True,crop,1,False,,,True,False,False
1f876c06,1,10x10,10x10,False,8,18,True,None,0,False,,,False,False,False
1f876c06,2,10x10,10x10,False,6,13,True,None,0,False,,,False,False,False
1f876c06,3,10x10,10x10,False,8,19,True,None,0,False,,,False,False,False
1fad071e,1,9x9,1x5,True,12,1,True,None,0,False,,,False,False,False
1fad071e,2,9x9,1x5,True,9,1,True,crop,1,False,,,True,False,False
1fad071e,3,9x9,1x5,True,11,1,True,None,0,False,,,False,False,False
2013d3e2,1,10x10,3x3,True,17,5,True,crop,1,False,,,True,False,False
2013d3e2,2,10x10,3x3,True,13,6,True,crop,1,False,,,True,False,False
2037f2c7,1,25x25,4x8,True,32,2,True,None,0,False,,,False,False,False
2037f2c7,2,23x25,3x7,True,16,2,True,None,0,False,,,False,False,False
2037f2c7,3,22x22,2x6,True,13,2,True,None,0,False,,,False,False,False
2072aba6,1,3x3,6x6,True,3,12,True,None,0,False,,,False,False,False
2072aba6,2,3x3,6x6,True,1,20,True,None,0,False,,,False,False,False
2072aba6,3,3x3,6x6,True,1,20,True,None,0,False,,,False,False,False
20818e16,1,16x15,6x9,True,4,3,True,None,0,False,,,False,False,False
20818e16,2,14x15,6x8,True,4,3,True,None,0,False,,,False,False,False
20818e16,3,15x15,8x8,True,4,4,False,None,0,False,,,False,False,False
20981f0e,1,14x16,14x16,False,15,15,False,None,0,False,,,False,False,False
20981f0e,2,13x19,13x19,False,18,18,False,None,0,False,,,False,False,False
20981f0e,3,17x10,17x10,False,14,14,False,None,0,False,,,False,False,False
20fb2937,1,20x11,13x11,True,14,9,True,None,0,False,,,False,False,False
20fb2937,2,20x11,13x11,True,18,12,True,None,0,False,,,False,False,False
212895b5,1,18x17,18x17,False,23,49,True,None,0,False,,,False,False,False
212895b5,2,20x20,20x20,False,24,53,True,None,0,False,,,False,False,False
212895b5,3,16x19,16x19,False,29,42,True,None,0,False,,,False,False,False
21f83797,1,13x13,13x13,False,2,2,False,None,0,False,,,False,False,False
21f83797,2,13x13,13x13,False,2,2,False,None,0,False,,,False,False,False
2204b7a8,1,10x10,10x10,False,7,7,False,None,0,False,,,False,False,False
2204b7a8,2,10x10,10x10,False,5,5,False,None,0,False,,,False,False,False
2204b7a8,3,10x10,10x10,False,8,8,False,None,0,False,,,False,False,False
22168020,1,10x10,10x10,False,10,2,True,None,0,False,,,False,False,False
22168020,2,10x10,10x10,False,7,1,True,None,0,False,,,False,False,False
22168020,3,10x10,10x10,False,12,2,True,None,0,False,,,False,False,False
22208ba4,1,16x16,16x16,False,5,5,False,None,0,False,,,False,False,False
22208ba4,2,17x17,17x17,False,5,5,False,None,0,False,,,False,False,False
22208ba4,3,22x15,22x15,False,5,5,False,None,0,False,,,False,False,False
22208ba4,4,7x7,7x7,False,5,3,True,None,0,False,,,False,False,False
22233c11,1,10x10,10x10,False,2,4,True,None,0,False,,,False,False,False
22233c11,2,10x10,10x10,False,4,8,True,None,0,False,,,False,False,False
22233c11,3,10x10,10x10,False,2,4,True,None,0,False,,,False,False,False
22425bda,1,7x7,1x2,True,7,2,True,None,0,False,,,False,False,False
22425bda,2,10x10,1x3,True,18,2,True,None,0,False,,,False,False,False
22425bda,3,12x12,1x4,True,25,4,True,None,0,False,,,False,False,False
22425bda,4,16x16,1x5,True,23,5,True,None,0,False,,,False,False,False
22806e14,1,16x16,16x16,False,7,7,False,None,0,False,,,False,False,False
22806e14,2,16x16,16x16,False,9,9,False,None,0,False,,,False,False,False
22806e14,3,16x16,16x16,False,11,13,True,None,0,False,,,False,False,False
2281f1f4,1,10x10,10x10,False,6,15,True,None,0,False,,,False,False,False
2281f1f4,2,10x10,10x10,False,5,11,True,None,0,False,,,False,False,False
2281f1f4,3,10x10,10x10,False,6,15,True,None,0,False,,,False,False,False
228f6490,1,10x10,10x10,False,7,7,False,None,0,False,,,False,False,False
228f6490,2,10x10,10x10,False,8,8,False,None,0,False,,,False,False,False
228f6490,3,10x10,10x10,False,8,8,False,None,0,False,,,False,False,False
22a4bbc2,1,20x4,20x4,False,14,14,False,None,0,False,,,False,False,False
22a4bbc2,2,19x5,19x5,False,12,12,False,None,0,False,,,False,False,False
22a4bbc2,3,14x5,14x5,False,11,11,False,None,0,False,,,False,False,False
22a4bbc2,4,15x3,15x3,False,8,8,False,None,0,False,,,False,False,False
22eb0ac0,1,10x10,10x10,False,10,8,True,None,0,False,,,False,False,False
22eb0ac0,2,10x10,10x10,False,8,7,True,None,0,False,,,False,False,False
22eb0ac0,3,10x10,10x10,False,8,8,False,"unchanged, crop",2,False,,,True,False,False
230f2e48,1,10x10,10x10,False,7,7,False,None,0,False,,,False,False,False
230f2e48,2,8x8,8x8,False,4,4,False,None,0,False,,,False,False,False
230f2e48,3,12x12,12x12,False,10,10,False,None,0,False,,,False,False,False
234bbc79,1,3x11,3x9,True,7,3,True,None,0,False,,,False,False,False
234bbc79,2,3x11,3x9,True,7,3,True,None,0,False,,,False,False,False
234bbc79,3,3x11,3x8,True,7,2,True,None,0,False,,,False,False,False
234bbc79,4,3x9,3x7,True,7,3,True,None,0,False,,,False,False,False
23581191,1,9x9,9x9,False,2,8,True,None,0,False,,,False,False,False
23581191,2,9x9,9x9,False,2,8,True,None,0,False,,,False,False,False
239be575,1,6x7,1x1,True,9,0,True,crop,1,False,,,True,False,False
239be575,2,6x7,1x1,True,10,1,True,crop,1,False,,,True,False,False
239be575,3,6x6,1x1,True,10,0,True,crop,1,False,,,True,False,False
239be575,4,5x7,1x1,True,6,1,True,crop,1,False,,,True,False,False
239be575,5,6x7,1x1,True,9,1,True,crop,1,False,,,True,False,False
239be575,6,5x5,1x1,True,6,0,True,crop,1,False,,,True,False,False
23b5c85d,1,13x15,3x4,True,3,1,True,crop,1,False,,,True,False,False
23b5c85d,2,20x20,2x3,True,5,1,True,crop,1,False,,,True,False,False
23b5c85d,3,10x15,3x2,True,3,1,True,crop,1,False,,,True,False,False
23b5c85d,4,18x15,2x2,True,3,1,True,crop,1,False,,,True,False,False
23b5c85d,5,10x10,3x3,True,2,1,True,crop,1,False,,,True,False,False
25094a63,1,30x30,30x30,False,498,505,True,None,0,False,,,False,False,False
25094a63,2,30x30,30x30,False,464,489,True,None,0,False,,,False,False,False
252143c9,1,11x11,11x11,False,35,1,True,None,0,False,,,False,False,False
252143c9,2,7x7,7x7,False,7,5,True,None,0,False,,,False,False,False
253bf280,1,9x6,9x6,False,2,3,True,None,0,False,,,False,False,False
253bf280,2,3x3,3x3,False,1,1,False,"unchanged, rotation, reflection, crop",4,False,90.0,horizontal,True,False,False
253bf280,3,7x6,7x6,False,3,4,True,None,0,False,,,False,False,False
253bf280,4,12x11,12x11,False,5,7,True,None,0,False,,,False,False,False
253bf280,5,12x11,12x11,False,4,6,True,None,0,False,,,False,False,False
253bf280,6,5x6,5x6,False,2,2,False,"unchanged, rotation, crop",3,False,180.0,,True,False,False
253bf280,7,7x13,7x13,False,2,3,True,None,0,False,,,False,False,False
253bf280,8,10x11,10x11,False,4,6,True,None,0,False,,,False,False,False
2546ccf6,1,19x18,19x18,False,13,17,True,None,0,False,,,False,False,False
2546ccf6,2,17x19,17x19,False,7,9,True,None,0,False,,,False,False,False
256b0a75,1,22x24,22x24,False,27,26,True,None,0,False,,,False,False,False
256b0a75,2,23x21,23x21,False,14,15,True,None,0,False,,,False,False,False
256b0a75,3,23x23,23x23,False,21,24,True,None,0,False,,,False,False,False
25c199f5,1,5x17,5x5,True,8,4,True,None,0,False,,,False,False,False
25c199f5,2,5x17,5x5,True,9,6,True,None,0,False,,,False,False,False
25c199f5,3,5x17,5x5,True,9,4,True,None,0,False,,,False,False,False
25c199f5,4,5x17,5x5,True,9,6,True,None,0,False,,,False,False,False
25c199f5,5,5x17,5x5,True,8,5,True,None,0,False,,,False,False,False
25d487eb,1,12x12,12x12,False,2,3,True,None,0,False,,,False,False,False
25d487eb,2,10x15,10x15,False,2,3,True,None,0,False,,,False,False,False
25d487eb,3,15x12,15x12,False,2,3,True,None,0,False,,,False,False,False
25d8a9c8,1,3x3,3x3,False,5,1,True,None,0,False,,,False,False,False
25d8a9c8,2,3x3,3x3,False,5,1,True,recolor,1,True,,,False,False,False
25d8a9c8,3,3x3,3x3,False,3,1,True,recolor,1,True,,,False,False,False
25d8a9c8,4,3x3,3x3,False,4,1,True,recolor,1,True,,,False,False,False
25e02866,1,14x14,4x4,True,5,3,True,None,0,False,,,False,False,False
25e02866,2,16x16,5x5,True,7,5,True,None,0,False,,,False,False,False
25ff71a9,1,3x3,3x3,False,1,1,False,translation,1,False,,,False,False,True
25ff71a9,2,3x3,3x3,False,1,1,False,translation,1,False,,,False,False,True
25ff71a9,3,3x3,3x3,False,1,1,False,translation,1,False,,,False,False,True
25ff71a9,4,3x3,3x3,False,1,1,False,translation,1,False,,,False,False,True
2601afb7,1,9x9,9x9,False,5,5,False,None,0,False,,,False,False,False
2601afb7,2,7x7,7x7,False,4,4,False,None,0,False,,,False,False,False
2601afb7,3,11x11,11x11,False,6,6,False,None,0,False,,,False,False,False
264363fd,1,30x30,30x30,False,11,27,True,None,0,False,,,False,False,False
264363fd,2,30x30,30x30,False,14,27,True,None,0,False,,,False,False,False
264363fd,3,30x30,30x30,False,13,28,True,None,0,False,,,False,False,False
2685904e,1,10x10,10x10,False,9,11,True,None,0,False,,,False,False,False
2685904e,2,10x10,10x10,False,11,12,True,None,0,False,,,False,False,False
2685904e,3,10x10,10x10,False,11,16,True,None,0,False,,,False,False,False
2685904e,4,10x10,10x10,False,9,12,True,None,0,False,,,False,False,False
2685904e,5,10x10,10x10,False,12,15,True,None,0,False,,,False,False,False
2685904e,6,10x10,10x10,False,7,9,True,None,0,False,,,False,False,False
2697da3f,1,7x8,11x11,True,1,4,True,None,0,False,,,False,False,False
2697da3f,2,7x7,11x11,True,2,8,True,None,0,False,,,False,False,False
2697da3f,3,8x8,15x15,True,3,12,True,None,0,False,,,False,False,False
2697da3f,4,9x7,15x15,True,1,4,True,None,0,False,,,False,False,False
272f95fa,1,12x14,12x14,False,1,6,True,None,0,False,,,False,False,False
272f95fa,2,18x19,18x19,False,1,6,True,None,0,False,,,False,False,False
2753e76c,1,16x16,4x4,True,10,4,True,None,0,False,,,False,False,False
2753e76c,2,16x16,3x3,True,6,3,True,None,0,False,,,False,False,False
2753e76c,3,16x16,4x5,True,11,4,True,None,0,False,,,False,False,False
278e5215,1,15x10,6x5,True,6,11,True,None,0,False,,,False,False,False
278e5215,2,15x15,10x7,True,7,24,True,None,0,False,,,False,False,False
278e5215,3,15x16,5x8,True,6,11,True,None,0,False,,,False,False,False
27a28665,1,3x3,1x1,True,2,1,True,None,0,False,,,False,False,False
27a28665,2,3x3,1x1,True,2,1,True,None,0,False,,,False,False,False
27a28665,3,3x3,1x1,True,1,1,False,None,0,False,,,False,False,False
27a28665,4,3x3,1x1,True,5,1,True,None,0,False,,,False,False,False
27a28665,5,3x3,1x1,True,5,1,True,None,0,False,,,False,False,False
27a28665,6,3x3,1x1,True,3,1,True,None,0,False,,,False,False,False
27a28665,7,3x3,1x1,True,3,1,True,None,0,False,,,False,False,False
27a77e38,1,5x5,5x5,False,9,10,True,None,0,False,,,False,False,False
27a77e38,2,3x3,3x3,False,3,4,True,None,0,False,,,False,False,False
27a77e38,3,7x7,7x7,False,21,22,True,None,0,False,,,False,False,False
27f8ce4f,1,3x3,9x9,True,7,27,True,None,0,False,,,False,False,False
27f8ce4f,2,3x3,9x9,True,5,20,True,None,0,False,,,False,False,False
27f8ce4f,3,3x3,9x9,True,7,21,True,None,0,False,,,False,False,False
27f8ce4f,4,3x3,9x9,True,6,18,True,None,0,False,,,False,False,False
281123b4,1,4x19,4x4,True,11,6,True,None,0,False,,,False,False,False
281123b4,2,4x19,4x4,True,13,8,True,None,0,False,,,False,False,False
281123b4,3,4x19,4x4,True,18,12,True,None,0,False,,,False,False,False
281123b4,4,4x19,4x4,True,11,8,True,None,0,False,,,False,False,False
281123b4,5,4x19,4x4,True,12,8,True,None,0,False,,,False,False,False
281123b4,6,4x19,4x4,True,14,8,True,None,0,False,,,False,False,False
28bf18c6,1,8x8,3x6,True,1,1,False,None,0,False,,,False,False,False
28bf18c6,2,8x8,3x6,True,1,1,False,None,0,False,,,False,False,False
28bf18c6,3,8x8,3x6,True,3,6,True,None,0,False,,,False,False,False
28e73c20,1,13x13,13x13,False,0,1,True,None,0,False,,,False,False,False
28e73c20,2,8x8,8x8,False,0,1,True,None,0,False,,,False,False,False
28e73c20,3,15x15,15x15,False,0,1,True,None,0,False,,,False,False,False
28e73c20,4,10x10,10x10,False,0,1,True,None,0,False,,,False,False,False
28e73c20,5,6x6,6x6,False,0,1,True,None,0,False,,,False,False,False
292dd178,1,7x9,7x9,False,2,3,True,None,0,False,,,False,False,False
292dd178,2,11x10,11x10,False,3,6,True,None,0,False,,,False,False,False
292dd178,3,11x9,11x9,False,4,5,True,None,0,False,,,False,False,False
29623171,1,11x11,11x11,False,11,3,True,None,0,False,,,False,False,False
29623171,2,11x11,11x11,False,9,2,True,None,0,False,,,False,False,False
29623171,3,11x11,11x11,False,10,2,True,None,0,False,,,False,False,False
29700607,1,12x12,12x12,False,6,3,True,None,0,False,,,False,False,False
29700607,2,15x15,15x15,False,5,3,True,None,0,False,,,False,False,False
29700607,3,11x11,11x11,False,6,3,True,None,0,False,,,False,False,False
29c11459,1,5x11,5x11,False,2,3,True,None,0,False,,,False,False,False
29c11459,2,5x11,5x11,False,2,3,True,None,0,False,,,False,False,False
2a28add5,1,10x10,10x10,False,40,5,True,None,0,False,,,False,False,False
2a28add5,2,10x10,10x10,False,20,5,True,None,0,False,,,False,False,False
2a5f8217,1,9x9,9x9,False,6,6,False,None,0,False,,,False,False,False
2a5f8217,2,6x6,6x6,False,2,2,False,recolor,1,True,,,False,False,False
2a5f8217,3,11x11,11x11,False,8,8,False,None,0,False,,,False,False,False
2b01abd0,1,11x12,11x12,False,5,9,True,None,0,False,,,False,False,False
2b01abd0,2,12x9,12x9,False,5,9,True,None,0,False,,,False,False,False
2b01abd0,3,14x11,14x11,False,4,7,True,None,0,False,,,False,False,False
2b9ef948,1,15x20,15x20,False,5,25,True,None,0,False,,,False,False,False
2b9ef948,2,30x30,30x30,False,5,51,True,None,0,False,,,False,False,False
2b9ef948,3,30x30,30x30,False,5,53,True,None,0,False,,,False,False,False
2bcee788,1,10x10,10x10,False,2,2,False,None,0,False,,,False,False,False
2bcee788,2,10x10,10x10,False,2,2,False,None,0,False,,,False,False,False
2bcee788,3,10x10,10x10,False,2,2,False,None,0,False,,,False,False,False
2bcee788,4,10x10,10x10,False,2,2,False,None,0,False,,,False,False,False
2bee17df,1,12x12,12x12,False,2,3,True,None,0,False,,,False,False,False
2bee17df,2,12x12,12x12,False,2,3,True,None,0,False,,,False,False,False
2bee17df,3,10x10,10x10,False,2,3,True,None,0,False,,,False,False,False
2c0b0aff,1,24x24,8x8,True,23,11,True,crop,1,False,,,True,False,False
2c0b0aff,2,24x24,8x9,True,48,11,True,crop,1,False,,,True,False,False
2c0b0aff,3,22x20,8x11,True,26,8,True,crop,1,False,,,True,False,False
2c0b0aff,4,23x23,7x8,True,36,9,True,crop,1,False,,,True,False,False
2c608aff,1,14x12,14x12,False,5,5,False,None,0,False,,,False,False,False
2c608aff,2,10x12,10x12,False,3,3,False,None,0,False,,,False,False,False
2c608aff,3,14x18,14x18,False,7,7,False,None,0,False,,,False,False,False
2c608aff,4,9x12,9x12,False,4,4,False,None,0,False,,,False,False,False
2c737e39,1,12x12,12x12,False,4,5,True,None,0,False,,,False,False,False
2c737e39,2,12x10,12x10,False,9,15,True,None,0,False,,,False,False,False
2c737e39,3,9x10,9x10,False,5,7,True,None,0,False,,,False,False,False
2ccd9fef,1,24x11,8x11,True,23,13,True,None,0,False,,,False,False,False
2ccd9fef,2,21x11,7x11,True,35,15,True,None,0,False,,,False,False,False
2dc579da,1,7x7,3x3,True,6,2,True,crop,1,False,,,True,False,False
2dc579da,2,5x5,2x2,True,6,2,True,crop,1,False,,,True,False,False
2dc579da,3,11x11,5x5,True,6,2,True,crop,1,False,,,True,False,False
2dd70a9a,1,10x10,10x10,False,11,11,False,None,0,False,,,False,False,False
2dd70a9a,2,20x20,20x20,False,38,38,False,None,0,False,,,False,False,False
2dd70a9a,3,15x15,15x15,False,32,32,False,None,0,False,,,False,False,False
2de01db2,1,3x10,3x10,False,8,3,True,None,0,False,,,False,False,False
2de01db2,2,3x10,3x10,False,6,3,True,None,0,False,,,False,False,False
2de01db2,3,3x10,3x10,False,15,15,False,reflection,1,False,,vertical,False,False,False
2dee498d,1,4x12,4x4,True,28,10,True,crop,1,False,,,True,False,False
2dee498d,2,3x9,3x3,True,9,5,True,crop,1,False,,,True,False,False
2dee498d,3,2x6,2x2,True,9,3,True,crop,1,False,,,True,False,False
2e65ae53,1,22x22,22x22,False,8,20,True,None,0,False,,,False,False,False
2e65ae53,2,22x22,22x22,False,8,20,True,None,0,False,,,False,False,False
2f0c5170,1,21x22,5x5,True,5,3,True,None,0,False,,,False,False,False
2f0c5170,2,20x23,9x9,True,4,2,True,None,0,False,,,False,False,False
2f0c5170,3,19x18,8x7,True,4,2,True,None,0,False,,,False,False,False
2f767503,1,10x10,10x10,False,14,12,True,None,0,False,,,False,False,False
2f767503,2,14x12,14x12,False,22,20,True,None,0,False,,,False,False,False
2f767503,3,10x13,10x13,False,14,12,True,None,0,False,,,False,False,False
2faf500b,1,12x12,12x12,False,14,6,True,None,0,False,,,False,False,False
2faf500b,2,8x8,8x8,False,5,2,True,None,0,False,,,False,False,False
2faf500b,3,16x16,16x16,False,20,8,True,None,0,False,,,False,False,False
305b1341,1,20x20,20x20,False,45,42,True,None,0,False,,,False,False,False
305b1341,2,20x20,20x20,False,40,38,True,None,0,False,,,False,False,False
305b1341,3,20x20,20x20,False,36,33,True,None,0,False,,,False,False,False
30f42897,1,7x10,7x10,False,2,4,True,None,0,False,,,False,False,False
30f42897,2,4x10,4x10,False,2,4,True,None,0,False,,,False,False,False
30f42897,3,7x9,7x9,False,2,8,True,None,0,False,,,False,False,False
310f3251,1,4x4,12x12,True,2,36,True,None,0,False,,,False,False,False
310f3251,2,3x3,9x9,True,2,27,True,None,0,False,,,False,False,False
310f3251,3,5x5,15x15,True,1,18,True,None,0,False,,,False,False,False
310f3251,4,4x4,12x12,True,1,18,True,None,0,False,,,False,False,False
310f3251,5,2x2,6x6,True,1,18,True,None,0,False,,,False,False,False
3194b014,1,20x20,3x3,True,99,1,True,crop,1,False,,,True,False,False
3194b014,2,20x20,3x3,True,110,1,True,crop,1,False,,,True,False,False
3194b014,3,20x20,3x3,True,86,1,True,crop,1,False,,,True,False,False
319f2597,1,20x20,20x20,False,312,267,True,None,0,False,,,False,False,False
319f2597,2,20x20,20x20,False,309,265,True,None,0,False,,,False,False,False
319f2597,3,20x20,20x20,False,311,262,True,None,0,False,,,False,False,False
31aa019c,1,10x10,10x10,False,26,2,True,None,0,False,,,False,False,False
31aa019c,2,10x10,10x10,False,16,2,True,None,0,False,,,False,False,False
31aa019c,3,10x10,10x10,False,15,2,True,None,0,False,,,False,False,False
31adaf00,1,10x10,10x10,False,17,22,True,None,0,False,,,False,False,False
31adaf00,2,10x10,10x10,False,16,19,True,None,0,False,,,False,False,False
31adaf00,3,10x10,10x10,False,12,17,True,None,0,False,,,False,False,False
31d5ba1a,1,6x5,3x5,True,6,2,True,None,0,False,,,False,False,False
31d5ba1a,2,6x5,3x5,True,5,2,True,None,0,False,,,False,False,False
31d5ba1a,3,6x5,3x5,True,7,2,True,None,0,False,,,False,False,False
31d5ba1a,4,6x5,3x5,True,4,3,True,None,0,False,,,False,False,False
31d5ba1a,5,6x5,3x5,True,4,4,False,None,0,False,,,False,False,False
320afe60,1,22x22,22x22,False,6,7,True,None,0,False,,,False,False,False
320afe60,2,22x21,22x21,False,5,5,False,None,0,False,,,False,False,False
320afe60,3,22x19,22x19,False,8,9,True,None,0,False,,,False,False,False
321b1fc6,1,10x10,10x10,False,5,6,True,None,0,False,,,False,False,False
321b1fc6,2,10x10,10x10,False,7,12,True,None,0,False,,,False,False,False
32597951,1,17x17,17x17,False,46,48,True,None,0,False,,,False,False,False
32597951,2,17x17,17x17,False,41,44,True,None,0,False,,,False,False,False
32597951,3,17x17,17x17,False,112,115,True,None,0,False,,,False,False,False
32e9702f,1,8x8,8x8,False,2,3,True,None,0,False,,,False,False,False
32e9702f,2,3x3,3x3,False,1,2,True,None,0,False,,,False,False,False
32e9702f,3,7x7,7x7,False,3,4,True,None,0,False,,,False,False,False
33067df9,1,9x5,26x26,True,7,5,True,None,0,False,,,False,False,False
33067df9,2,5x7,26x26,True,6,4,True,None,0,False,,,False,False,False
33067df9,3,9x9,26x26,True,14,10,True,None,0,False,,,False,False,False
33067df9,4,5x3,26x26,True,2,2,False,None,0,False,,,False,False,False
332202d5,1,16x16,16x16,False,21,25,True,None,0,False,,,False,False,False
332202d5,2,16x16,16x16,False,15,17,True,None,0,False,,,False,False,False
332202d5,3,16x16,16x16,False,19,19,False,None,0,False,,,False,False,False
332efdb3,1,5x5,5x5,False,0,1,True,None,0,False,,,False,False,False
332efdb3,2,7x7,7x7,False,0,1,True,None,0,False,,,False,False,False
332efdb3,3,9x9,9x9,False,0,1,True,None,0,False,,,False,False,False
3345333e,1,16x16,16x16,False,3,1,True,None,0,False,,,False,False,False
3345333e,2,16x16,16x16,False,3,1,True,None,0,False,,,False,False,False
337b420f,1,5x17,5x5,True,10,5,True,None,0,False,,,False,False,False
337b420f,2,5x17,5x5,True,9,4,True,None,0,False,,,False,False,False
337b420f,3,5x17,5x5,True,10,6,True,None,0,False,,,False,False,False
337b420f,4,5x17,5x5,True,9,4,True,None,0,False,,,False,False,False
3391f8c0,1,9x10,9x10,False,7,5,True,None,0,False,,,False,False,False
3391f8c0,2,9x12,9x12,False,5,5,False,None,0,False,,,False,False,False
3391f8c0,3,11x10,11x10,False,10,10,False,None,0,False,,,False,False,False
3391f8c0,4,9x17,9x17,False,6,6,False,None,0,False,,,False,False,False
33b52de3,1,23x23,23x23,False,22,22,False,None,0,False,,,False,False,False
33b52de3,2,23x23,23x23,False,25,25,False,None,0,False,,,False,False,False
3428a4f5,1,13x5,6x5,True,8,1,True,None,0,False,,,False,False,False
3428a4f5,2,13x5,6x5,True,8,2,True,None,0,False,,,False,False,False
3428a4f5,3,13x5,6x5,True,13,6,True,None,0,False,,,False,False,False
3428a4f5,4,13x5,6x5,True,9,3,True,None,0,False,,,False,False,False
342ae2ed,1,16x16,16x16,False,9,28,True,None,0,False,,,False,False,False
342ae2ed,2,16x16,16x16,False,7,21,True,None,0,False,,,False,False,False
342ae2ed,3,16x16,16x16,False,7,18,True,None,0,False,,,False,False,False
342dd610,1,10x10,10x10,False,3,3,False,None,0,False,,,False,False,False
342dd610,2,10x10,10x10,False,3,3,False,None,0,False,,,False,False,False
342dd610,3,10x10,10x10,False,2,2,False,None,0,False,,,False,False,False
342dd610,4,10x10,10x10,False,3,3,False,None,0,False,,,False,False,False
3490cc26,1,16x18,16x18,False,3,4,True,None,0,False,,,False,False,False
3490cc26,2,26x28,26x28,False,12,21,True,None,0,False,,,False,False,False
3490cc26,3,26x25,26x25,False,11,18,True,None,0,False,,,False,False,False
3490cc26,4,26x18,26x18,False,6,11,True,None,0,False,,,False,False,False
34b99a2b,1,5x9,5x4,True,11,2,True,None,0,False,,,False,False,False
34b99a2b,2,5x9,5x4,True,7,2,True,None,0,False,,,False,False,False
34b99a2b,3,5x9,5x4,True,7,1,True,None,0,False,,,False,False,False
34b99a2b,4,5x9,5x4,True,6,2,True,None,0,False,,,False,False,False
34cfa167,1,24x26,24x26,False,6,20,True,None,0,False,,,False,False,False
34cfa167,2,18x22,18x22,False,7,20,True,None,0,False,,,False,False,False
351d6448,1,15x13,3x13,True,7,1,True,None,0,False,,,False,False,False
351d6448,2,15x13,3x13,True,11,2,True,None,0,False,,,False,False,False
358ba94e,1,16x19,5x5,True,5,1,True,crop,1,False,,,True,False,False
358ba94e,2,15x19,5x5,True,5,1,True,crop,1,False,,,True,False,False
358ba94e,3,16x19,5x5,True,5,1,True,crop,1,False,,,True,False,False
358ba94e,4,14x18,5x5,True,4,1,True,crop,1,False,,,True,False,False
3618c87e,1,5x5,5x5,False,3,7,True,None,0,False,,,False,False,False
3618c87e,2,5x5,5x5,False,2,4,True,None,0,False,,,False,False,False
3618c87e,3,5x5,5x5,False,3,6,True,None,0,False,,,False,False,False
363442ee,1,9x13,9x13,False,11,30,True,None,0,False,,,False,False,False
363442ee,2,9x13,9x13,False,10,25,True,None,0,False,,,False,False,False
363442ee,3,9x13,9x13,False,11,30,True,None,0,False,,,False,False,False
36d67576,1,13x13,13x13,False,9,15,True,None,0,False,,,False,False,False
36d67576,2,13x13,13x13,False,11,21,True,None,0,False,,,False,False,False
36d67576,3,13x13,13x13,False,9,15,True,None,0,False,,,False,False,False
36fdfd69,1,15x16,15x16,False,30,35,True,None,0,False,,,False,False,False
36fdfd69,2,17x18,17x18,False,41,47,True,None,0,False,,,False,False,False
36fdfd69,3,15x14,15x14,False,31,35,True,None,0,False,,,False,False,False
37ce87bb,1,6x7,6x7,False,3,4,True,None,0,False,,,False,False,False
37ce87bb,2,6x7,6x7,False,3,4,True,None,0,False,,,False,False,False
37ce87bb,3,8x11,8x11,False,5,6,True,None,0,False,,,False,False,False
37d3e8b2,1,17x17,17x17,False,6,6,False,None,0,False,,,False,False,False
37d3e8b2,2,19x17,19x17,False,5,5,False,None,0,False,,,False,False,False
37d3e8b2,3,17x16,17x16,False,4,4,False,None,0,False,,,False,False,False
3906de3d,1,10x10,10x10,False,3,3,False,None,0,False,,,False,False,False
3906de3d,2,10x10,10x10,False,2,2,False,None,0,False,,,False,False,False
3906de3d,3,10x10,10x10,False,4,4,False,None,0,False,,,False,False,False
396d80d7,1,16x16,16x16,False,22,44,True,None,0,False,,,False,False,False
396d80d7,2,16x16,16x16,False,14,34,True,None,0,False,,,False,False,False
3979b1a8,1,5x5,10x10,True,6,9,True,None,0,False,,,False,False,False
3979b1a8,2,5x5,10x10,True,6,9,True,None,0,False,,,False,False,False
39a8645d,1,14x14,3x3,True,20,3,True,crop,1,False,,,True,False,False
39a8645d,2,14x14,3x3,True,21,5,True,crop,1,False,,,True,False,False
39a8645d,3,14x14,3x3,True,4,1,True,crop,1,False,,,True,False,False
39e1d7f9,1,27x27,27x27,False,8,14,True,None,0,False,,,False,False,False
39e1d7f9,2,24x24,24x24,False,7,10,True,None,0,False,,,False,False,False
39e1d7f9,3,27x27,27x27,False,12,23,True,None,0,False,,,False,False,False
3a301edc,1,16x17,16x17,False,2,3,True,None,0,False,,,False,False,False
3a301edc,2,13x14,13x14,False,2,3,True,None,0,False,,,False,False,False
3a301edc,3,15x14,15x14,False,2,3,True,None,0,False,,,False,False,False
3a301edc,4,12x11,12x11,False,2,3,True,None,0,False,,,False,False,False
3a301edc,5,13x19,13x19,False,2,3,True,None,0,False,,,False,False,False
3aa6fb7a,1,7x7,7x7,False,3,6,True,None,0,False,,,False,False,False
3aa6fb7a,2,7x7,7x7,False,2,4,True,None,0,False,,,False,False,False
3ac3eb23,1,6x7,6x7,False,1,9,True,None,0,False,,,False,False,False
3ac3eb23,2,6x10,6x10,False,2,18,True,None,0,False,,,False,False,False
3ad05f52,1,22x26,22x26,False,6,5,True,None,0,False,,,False,False,False
3ad05f52,2,29x24,29x24,False,6,5,True,None,0,False,,,False,False,False
3ad05f52,3,24x28,24x28,False,4,3,True,None,0,False,,,False,False,False
3af2c5a8,1,3x4,6x8,True,2,4,True,None,0,False,,,False,False,False
3af2c5a8,2,3x4,6x8,True,4,12,True,None,0,False,,,False,False,False
3af2c5a8,3,3x4,6x8,True,1,1,False,None,0,False,,,False,False,False
3b4c2228,1,7x5,3x3,True,4,1,True,None,0,False,,,False,False,False
3b4c2228,2,5x7,3x3,True,6,2,True,None,0,False,,,False,False,False
3b4c2228,3,5x5,3x3,True,4,1,True,None,0,False,,,False,False,False
3b4c2228,4,7x7,3x3,True,6,3,True,None,0,False,,,False,False,False
3b4c2228,5,7x7,3x3,True,10,2,True,None,0,False,,,False,False,False
3bd292e8,1,7x7,7x7,False,5,5,False,None,0,False,,,False,False,False
3bd292e8,2,7x7,7x7,False,3,3,False,None,0,False,,,False,False,False
3bd292e8,3,8x8,8x8,False,7,7,False,None,0,False,,,False,False,False
3bd67248,1,3x3,3x3,False,1,4,True,None,0,False,,,False,False,False
3bd67248,2,15x15,15x15,False,1,16,True,None,0,False,,,False,False,False
3bd67248,3,7x7,7x7,False,1,8,True,None,0,False,,,False,False,False
3bdb4ada,1,8x20,8x20,False,2,2,False,None,0,False,,,False,False,False
3bdb4ada,2,8x30,8x30,False,2,2,False,None,0,False,,,False,False,False
3befdf3e,1,10x10,10x10,False,2,6,True,None,0,False,,,False,False,False
3befdf3e,2,10x10,10x10,False,2,6,True,None,0,False,,,False,False,False
3befdf3e,3,10x10,10x10,False,2,6,True,None,0,False,,,False,False,False
3c9b0459,1,3x3,3x3,False,3,3,False,rotation,1,False,180.0,,False,False,False
3c9b0459,2,3x3,3x3,False,6,6,False,rotation,1,False,180.0,,False,False,False
3c9b0459,3,3x3,3x3,False,5,5,False,rotation,1,False,180.0,,False,False,False
3c9b0459,4,3x3,3x3,False,6,6,False,rotation,1,False,180.0,,False,False,False
3cd86f4f,1,4x9,4x12,True,10,16,True,None,0,False,,,False,False,False
3cd86f4f,2,6x6,6x11,True,21,8,True,None,0,False,,,False,False,False
3cd86f4f,3,7x4,7x10,True,4,10,True,None,0,False,,,False,False,False
3d31c5b3,1,12x6,3x6,True,10,5,True,None,0,False,,,False,False,False
3d31c5b3,2,12x6,3x6,True,11,9,True,None,0,False,,,False,False,False
3d31c5b3,3,12x6,3x6,True,15,10,True,None,0,False,,,False,False,False
3d31c5b3,4,12x6,3x6,True,13,10,True,None,0,False,,,False,False,False
3d31c5b3,5,12x6,3x6,True,10,4,True,None,0,False,,,False,False,False
3d31c5b3,6,12x6,3x6,True,14,7,True,None,0,False,,,False,False,False
3d588dc9,1,16x16,16x16,False,5,6,True,None,0,False,,,False,False,False
3d588dc9,2,16x16,16x16,False,4,5,True,None,0,False,,,False,False,False
3d6c6e23,1,16x13,16x13,False,4,1,True,None,0,False,,,False,False,False
3d6c6e23,2,16x11,16x11,False,4,1,True,None,0,False,,,False,False,False
3d6c6e23,3,21x9,21x9,False,7,3,True,None,0,False,,,False,False,False
3de23699,1,12x14,4x4,True,5,1,True,None,0,False,,,False,False,False
3de23699,2,12x9,3x5,True,8,4,True,None,0,False,,,False,False,False
3de23699,3,12x18,4x8,True,7,3,True,None,0,False,,,False,False,False
3de23699,4,7x7,3x3,True,5,1,True,None,0,False,,,False,False,False
3e980e27,1,13x13,13x13,False,8,12,True,None,0,False,,,False,False,False
3e980e27,2,13x13,13x13,False,6,12,True,None,0,False,,,False,False,False
3e980e27,3,13x13,13x13,False,8,12,True,None,0,False,,,False,False,False
3e980e27,4,13x13,13x13,False,4,6,True,None,0,False,,,False,False,False
3eda0437,1,2x20,2x20,False,7,8,True,None,0,False,,,False,False,False
3eda0437,2,4x20,4x20,False,8,9,True,None,0,False,,,False,False,False
3eda0437,3,4x20,4x20,False,9,10,True,None,0,False,,,False,False,False
3eda0437,4,3x30,3x30,False,10,11,True,None,0,False,,,False,False,False
3ee1011a,1,21x22,6x6,True,3,3,False,None,0,False,,,False,False,False
3ee1011a,2,23x29,5x5,True,3,3,False,None,0,False,,,False,False,False
3ee1011a,3,24x20,8x8,True,4,4,False,None,0,False,,,False,False,False
3f23242b,1,10x10,10x10,False,1,7,True,None,0,False,,,False,False,False
3f23242b,2,16x16,16x16,False,2,14,True,None,0,False,,,False,False,False
3f7978a0,1,9x11,5x7,True,14,8,True,crop,1,False,,,True,False,False
3f7978a0,2,9x9,5x5,True,12,7,True,crop,1,False,,,True,False,False
3f7978a0,3,11x13,6x5,True,17,8,True,crop,1,False,,,True,False,False
4093f84a,1,14x14,14x14,False,12,1,True,None,0,False,,,False,False,False
4093f84a,2,14x14,14x14,False,8,1,True,None,0,False,,,False,False,False
4093f84a,3,14x14,14x14,False,10,1,True,None,0,False,,,False,False,False
40f6cd08,1,30x30,30x30,False,5,9,True,None,0,False,,,False,False,False
40f6cd08,2,27x30,27x30,False,5,8,True,None,0,False,,,False,False,False
40f6cd08,3,30x30,30x30,False,5,9,True,None,0,False,,,False,False,False
412b6263,1,9x6,15x11,True,5,23,True,None,0,False,,,False,False,False
412b6263,2,7x8,19x9,True,5,23,True,None,0,False,,,False,False,False
412b6263,3,5x5,13x7,True,5,23,True,None,0,False,,,False,False,False
414297c0,1,16x20,9x6,True,14,8,True,None,0,False,,,False,False,False
414297c0,2,18x22,12x11,True,19,15,True,None,0,False,,,False,False,False
414297c0,3,16x18,6x12,True,14,12,True,None,0,False,,,False,False,False
41ace6b5,1,11x11,11x11,False,25,39,True,None,0,False,,,False,False,False
41ace6b5,2,9x9,9x9,False,24,28,True,None,0,False,,,False,False,False
41ace6b5,3,13x13,13x13,False,31,40,True,None,0,False,,,False,False,False
41e4d17e,1,15x15,15x15,False,5,27,True,None,0,False,,,False,False,False
41e4d17e,2,15x15,15x15,False,3,14,True,None,0,False,,,False,False,False
423a55dc,1,11x13,11x13,False,1,8,True,None,0,False,,,False,False,False
423a55dc,2,10x11,10x11,False,1,6,True,None,0,False,,,False,False,False
423a55dc,3,10x13,10x13,False,1,4,True,None,0,False,,,False,False,False
423a55dc,4,7x7,7x7,False,1,1,False,None,0,False,,,False,False,False
423a55dc,5,10x11,10x11,False,1,6,True,None,0,False,,,False,False,False
4258a5f9,1,9x9,9x9,False,4,8,True,None,0,False,,,False,False,False
4258a5f9,2,9x9,9x9,False,3,5,True,None,0,False,,,False,False,False
4290ef0e,1,18x18,7x7,True,11,13,True,None,0,False,,,False,False,False
4290ef0e,2,13x17,7x7,True,11,14,True,None,0,False,,,False,False,False
4290ef0e,3,18x18,11x11,True,14,22,True,None,0,False,,,False,False,False
42918530,1,25x19,25x19,False,13,13,False,None,0,False,,,False,False,False
42918530,2,19x19,19x19,False,10,11,True,None,0,False,,,False,False,False
42918530,3,19x19,19x19,False,10,11,True,None,0,False,,,False,False,False
42918530,4,13x19,13x19,False,6,6,False,None,0,False,,,False,False,False
42a15761,1,9x15,9x15,False,4,4,False,None,0,False,,,False,False,False
42a15761,2,7x11,7x11,False,3,3,False,None,0,False,,,False,False,False
42a15761,3,9x15,9x15,False,4,4,False,None,0,False,,,False,False,False
42a50994,1,11x19,11x19,False,28,18,True,None,0,False,,,False,False,False
42a50994,2,12x18,12x18,False,24,11,True,None,0,False,,,False,False,False
42a50994,3,17x9,17x9,False,24,16,True,None,0,False,,,False,False,False
42a50994,4,16x11,16x11,False,18,7,True,None,0,False,,,False,False,False
42f14c03,1,16x16,4x4,True,5,3,True,None,0,False,,,False,False,False
42f14c03,2,16x16,3x5,True,6,3,True,None,0,False,,,False,False,False
42f14c03,3,16x16,5x6,True,5,3,True,None,0,False,,,False,False,False
42f83767,1,15x20,15x15,True,23,17,True,None,0,False,,,False,False,False
42f83767,2,15x17,20x20,True,9,10,True,None,0,False,,,False,False,False
42f83767,3,15x17,30x30,True,40,36,True,None,0,False,,,False,False,False
4347f46a,1,8x7,8x7,False,1,1,False,None,0,False,,,False,False,False
4347f46a,2,18x16,18x16,False,4,4,False,None,0,False,,,False,False,False
4347f46a,3,11x12,11x12,False,2,2,False,None,0,False,,,False,False,False
4364c1c4,1,12x12,12x12,False,3,3,False,None,0,False,,,False,False,False
4364c1c4,2,16x12,16x12,False,3,3,False,None,0,False,,,False,False,False
4364c1c4,3,12x13,12x13,False,5,6,True,None,0,False,,,False,False,False
444801d8,1,10x10,10x10,False,4,4,False,None,0,False,,,False,False,False
444801d8,2,10x10,10x10,False,2,2,False,None,0,False,,,False,False,False
444801d8,3,10x10,10x10,False,4,4,False,None,0,False,,,False,False,False
445eab21,1,10x10,2x2,True,2,1,True,None,0,False,,,False,False,False
445eab21,2,10x10,2x2,True,2,1,True,None,0,False,,,False,False,False
445eab21,3,10x10,2x2,True,2,1,True,None,0,False,,,False,False,False
447fd412,1,14x12,14x12,False,7,9,True,None,0,False,,,False,False,False
447fd412,2,14x12,14x12,False,5,6,True,None,0,False,,,False,False,False
447fd412,3,14x12,14x12,False,3,4,True,None,0,False,,,False,False,False
44d8ac46,1,12x12,12x12,False,3,4,True,None,0,False,,,False,False,False
44d8ac46,2,12x12,12x12,False,3,6,True,None,0,False,,,False,False,False
44d8ac46,3,12x12,12x12,False,2,2,False,"unchanged, crop",2,False,,,True,False,False
44d8ac46,4,12x12,12x12,False,3,5,True,None,0,False,,,False,False,False
44f52bb0,1,3x3,1x1,True,2,1,True,None,0,False,,,False,False,False
44f52bb0,2,3x3,1x1,True,1,1,False,None,0,False,,,False,False,False
44f52bb0,3,3x3,1x1,True,1,1,False,None,0,False,,,False,False,False
44f52bb0,4,3x3,1x1,True,2,1,True,None,0,False,,,False,False,False
44f52bb0,5,3x3,1x1,True,2,1,True,None,0,False,,,False,False,False
44f52bb0,6,3x3,1x1,True,5,1,True,None,0,False,,,False,False,False
4522001f,1,3x3,9x9,True,2,2,False,None,0,False,,,False,False,False
4522001f,2,3x3,9x9,True,2,2,False,None,0,False,,,False,False,False
456873bc,1,11x11,11x11,False,13,19,True,None,0,False,,,False,False,False
456873bc,2,19x19,19x19,False,9,23,True,None,0,False,,,False,False,False
456873bc,3,11x11,11x11,False,13,19,True,None,0,False,,,False,False,False
45737921,1,7x7,7x7,False,3,3,False,recolor,1,True,,,False,False,False
45737921,2,13x10,13x10,False,7,7,False,None,0,False,,,False,False,False
45737921,3,12x12,12x12,False,12,12,False,None,0,False,,,False,False,False
458e3a53,1,29x29,2x2,True,429,3,True,None,0,False,,,False,False,False
458e3a53,2,29x29,3x3,True,401,5,True,None,0,False,,,False,False,False
45bbe264,1,14x14,14x14,False,2,8,True,None,0,False,,,False,False,False
45bbe264,2,16x16,16x16,False,2,8,True,None,0,False,,,False,False,False
45bbe264,3,13x13,13x13,False,3,21,True,None,0,False,,,False,False,False
4612dd53,1,11x13,11x13,False,7,15,True,None,0,False,,,False,False,False
4612dd53,2,9x13,9x13,False,8,16,True,None,0,False,,,False,False,False
4612dd53,3,13x13,13x13,False,10,20,True,None,0,False,,,False,False,False
46442a0e,1,3x3,6x6,True,2,5,True,None,0,False,,,False,False,False
46442a0e,2,2x2,4x4,True,4,9,True,None,0,False,,,False,False,False
46442a0e,3,3x3,6x6,True,3,9,True,None,0,False,,,False,False,False
465b7d93,1,10x10,10x10,False,4,3,True,None,0,False,,,False,False,False
465b7d93,2,10x10,10x10,False,4,3,True,None,0,False,,,False,False,False
465b7d93,3,10x10,10x10,False,4,4,False,None,0,False,,,False,False,False
469497ad,1,5x5,15x15,True,4,10,True,None,0,False,,,False,False,False
469497ad,2,5x5,10x10,True,2,10,True,None,0,False,,,False,False,False
469497ad,3,5x5,20x20,True,6,22,True,None,0,False,,,False,False,False
46c35fc7,1,7x7,7x7,False,18,15,True,None,0,False,,,False,False,False
46c35fc7,2,7x7,7x7,False,9,9,False,recolor,1,True,,,False,False,False
46c35fc7,3,7x7,7x7,False,13,13,False,None,0,False,,,False,False,False
46f33fce,1,10x10,20x20,True,6,5,True,None,0,False,,,False,False,False
46f33fce,2,10x10,20x20,True,6,6,False,None,0,False,,,False,False,False
46f33fce,3,10x10,20x20,True,5,4,True,None,0,False,,,False,False,False
470c91de,1,10x10,10x10,False,7,4,True,None,0,False,,,False,False,False
470c91de,2,10x10,10x10,False,5,3,True,None,0,False,,,False,False,False
470c91de,3,11x11,11x11,False,7,4,True,None,0,False,,,False,False,False
47c1f68c,1,9x9,8x8,True,3,8,True,None,0,False,,,False,False,False
47c1f68c,2,11x11,10x10,True,2,4,True,None,0,False,,,False,False,False
47c1f68c,3,7x7,6x6,True,3,5,True,None,0,False,,,False,False,False
48131b3c,1,2x2,4x4,True,2,8,True,None,0,False,,,False,False,False
48131b3c,2,3x3,6x6,True,3,5,True,None,0,False,,,False,False,False
48131b3c,3,4x4,8x8,True,3,8,True,None,0,False,,,False,False,False
484b58aa,1,29x29,29x29,False,542,590,True,None,0,False,,,False,False,False
484b58aa,2,29x29,29x29,False,782,841,True,None,0,False,,,False,False,False
484b58aa,3,29x29,29x29,False,735,841,True,None,0,False,,,False,False,False
4852f2fa,1,9x9,3x3,True,2,1,True,crop,1,False,,,True,False,False
4852f2fa,2,9x9,3x9,True,5,6,True,None,0,False,,,False,False,False
4852f2fa,3,9x9,3x12,True,5,4,True,None,0,False,,,False,False,False
4852f2fa,4,9x9,3x9,True,4,1,True,None,0,False,,,False,False,False
4852f2fa,5,9x9,3x6,True,3,1,True,None,0,False,,,False,False,False
48634b99,1,16x16,16x16,False,12,12,False,None,0,False,,,False,False,False
48634b99,2,16x16,16x16,False,15,15,False,None,0,False,,,False,False,False
48634b99,3,16x16,16x16,False,17,17,False,None,0,False,,,False,False,False
48d8fb45,1,10x10,3x3,True,7,3,True,crop,1,False,,,True,False,False
48d8fb45,2,10x10,3x3,True,4,1,True,crop,1,False,,,True,False,False
48d8fb45,3,10x10,3x3,True,5,1,True,crop,1,False,,,True,False,False
48f8583b,1,3x3,9x9,True,4,4,False,None,0,False,,,False,False,False
48f8583b,2,3x3,9x9,True,4,7,True,None,0,False,,,False,False,False
48f8583b,3,3x3,9x9,True,6,18,True,None,0,False,,,False,False,False
48f8583b,4,3x3,9x9,True,4,8,True,None,0,False,,,False,False,False
48f8583b,5,3x3,9x9,True,6,6,False,None,0,False,,,False,False,False
48f8583b,6,3x3,9x9,True,3,8,True,None,0,False,,,False,False,False
4938f0c2,1,10x10,10x10,False,3,9,True,None,0,False,,,False,False,False
4938f0c2,2,20x30,20x30,False,2,5,True,None,0,False,,,False,False,False
4938f0c2,3,12x14,12x14,False,9,9,False,"unchanged, crop",2,False,,,True,False,False
494ef9d7,1,10x10,10x10,False,18,18,False,None,0,False,,,False,False,False
494ef9d7,2,3x5,3x5,False,6,6,False,None,0,False,,,False,False,False
494ef9d7,3,4x7,4x7,False,8,8,False,None,0,False,,,False,False,False
494ef9d7,4,7x8,7x8,False,10,10,False,None,0,False,,,False,False,False
496994bd,1,10x5,10x5,False,2,4,True,None,0,False,,,False,False,False
496994bd,2,10x3,10x3,False,2,4,True,None,0,False,,,False,False,False
49d1d64f,1,2x3,4x5,True,6,6,False,None,0,False,,,False,False,False
49d1d64f,2,2x2,4x4,True,4,4,False,None,0,False,,,False,False,False
49d1d64f,3,3x3,5x5,True,8,8,False,None,0,False,,,False,False,False
4a1cacc2,1,6x8,6x8,False,2,2,False,None,0,False,,,False,False,False
4a1cacc2,2,6x6,6x6,False,2,2,False,None,0,False,,,False,False,False
4a1cacc2,3,10x8,10x8,False,2,2,False,None,0,False,,,False,False,False
4a1cacc2,4,4x4,4x4,False,2,2,False,None,0,False,,,False,False,False
4acc7107,1,10x10,10x10,False,4,4,False,None,0,False,,,False,False,False
4acc7107,2,10x10,10x10,False,4,4,False,None,0,False,,,False,False,False
4acc7107,3,10x10,10x10,False,4,4,False,None,0,False,,,False,False,False
4acc7107,4,10x10,10x10,False,4,4,False,None,0,False,,,False,False,False
4b6b68e5,1,19x18,19x18,False,16,5,True,None,0,False,,,False,False,False
4b6b68e5,2,21x21,21x21,False,12,5,True,None,0,False,,,False,False,False
4b6b68e5,3,16x14,16x14,False,8,2,True,None,0,False,,,False,False,False
4be741c5,1,9x7,3x1,True,3,3,False,None,0,False,,,False,False,False
4be741c5,2,14x16,1x3,True,3,3,False,None,0,False,,,False,False,False
4be741c5,3,11x9,4x1,True,4,4,False,None,0,False,,,False,False,False
4c177718,1,15x15,9x15,True,8,5,True,None,0,False,,,False,False,False
4c177718,2,15x15,9x15,True,13,6,True,None,0,False,,,False,False,False
4c177718,3,15x15,9x15,True,5,2,True,None,0,False,,,False,False,False
4c177718,4,15x15,9x15,True,5,2,True,None,0,False,,,False,False,False
4c4377d9,1,3x4,6x4,True,4,4,False,None,0,False,,,False,False,False
4c4377d9,2,3x4,6x4,True,4,5,True,None,0,False,,,False,False,False
4c4377d9,3,3x4,6x4,True,3,4,True,None,0,False,,,False,False,False
4c4377d9,4,3x4,6x4,True,5,7,True,None,0,False,,,False,False,False
4c5c2cf0,1,14x14,14x14,False,6,9,True,None,0,False,,,False,False,False
4c5c2cf0,2,14x14,14x14,False,8,17,True,None,0,False,,,False,False,False
4c5c2cf0,3,12x12,12x12,False,8,17,True,None,0,False,,,False,False,False
4cd1b7b2,1,4x4,4x4,False,11,16,True,None,0,False,,,False,False,False
4cd1b7b2,2,4x4,4x4,False,11,16,True,None,0,False,,,False,False,False
4cd1b7b2,3,4x4,4x4,False,10,16,True,None,0,False,,,False,False,False
4df5b0ae,1,10x10,10x10,False,5,4,True,None,0,False,,,False,False,False
4df5b0ae,2,10x10,10x10,False,5,5,False,None,0,False,,,False,False,False
4df5b0ae,3,10x10,10x10,False,4,4,False,None,0,False,,,False,False,False
4e45f183,1,19x19,19x19,False,29,29,False,None,0,False,,,False,False,False
4e45f183,2,19x19,19x19,False,25,25,False,None,0,False,,,False,False,False
4e45f183,3,19x19,19x19,False,21,21,False,None,0,False,,,False,False,False
4e469f39,1,10x10,10x10,False,1,2,True,None,0,False,,,False,False,False
4e469f39,2,10x10,10x10,False,1,2,True,None,0,False,,,False,False,False
4e469f39,3,10x10,10x10,False,2,4,True,None,0,False,,,False,False,False
4e7e0eb9,1,9x9,9x9,False,5,5,False,reflection,1,False,,vertical,False,False,False
4e7e0eb9,2,19x9,19x9,False,10,10,False,recolor,1,True,,,False,False,False
4e7e0eb9,3,9x9,9x9,False,4,4,False,recolor,1,True,,,False,False,False
4e7e0eb9,4,19x19,19x19,False,19,19,False,None,0,False,,,False,False,False
4f537728,1,20x20,20x20,False,49,49,False,None,0,False,,,False,False,False
4f537728,2,20x20,20x20,False,49,49,False,None,0,False,,,False,False,False
4ff4c9da,1,23x23,23x23,False,56,56,False,None,0,False,,,False,False,False
4ff4c9da,2,21x21,21x21,False,37,37,False,None,0,False,,,False,False,False
4ff4c9da,3,17x17,17x17,False,38,38,False,None,0,False,,,False,False,False
5034a0b5,1,12x12,12x12,False,26,26,False,None,0,False,,,False,False,False
5034a0b5,2,8x8,8x8,False,17,15,True,None,0,False,,,False,False,False
5034a0b5,3,13x13,13x13,False,25,25,False,None,0,False,,,False,False,False
5034a0b5,4,10x10,10x10,False,12,10,True,None,0,False,,,False,False,False
505fff84,1,6x12,3x4,True,17,1,True,None,0,False,,,False,False,False
505fff84,2,4x11,1x7,True,9,2,True,crop,1,False,,,True,False,False
505fff84,3,5x10,2x3,True,16,2,True,crop,1,False,,,True,False,False
505fff84,4,8x12,3x6,True,10,3,True,crop,1,False,,,True,False,False
505fff84,5,14x11,5x5,True,29,1,True,None,0,False,,,False,False,False
506d28a5,1,9x5,4x5,True,7,1,True,None,0,False,,,False,False,False
506d28a5,2,9x5,4x5,True,5,1,True,None,0,False,,,False,False,False
506d28a5,3,9x5,4x5,True,8,1,True,None,0,False,,,False,False,False
506d28a5,4,9x5,4x5,True,4,1,True,None,0,False,,,False,False,False
50846271,1,18x19,18x19,False,26,33,True,None,0,False,,,False,False,False
50846271,2,20x20,20x20,False,36,51,True,None,0,False,,,False,False,False
50846271,3,11x12,11x12,False,20,22,True,None,0,False,,,False,False,False
50846271,4,20x22,20x22,False,66,72,True,None,0,False,,,False,False,False
508bd3b6,1,12x12,12x12,False,4,13,True,None,0,False,,,False,False,False
508bd3b6,2,12x12,12x12,False,3,13,True,None,0,False,,,False,False,False
508bd3b6,3,12x12,12x12,False,4,13,True,None,0,False,,,False,False,False
50a16a69,1,20x20,20x20,False,122,400,True,None,0,False,,,False,False,False
50a16a69,2,8x8,8x8,False,50,64,True,None,0,False,,,False,False,False
50a16a69,3,9x9,9x9,False,65,81,True,None,0,False,,,False,False,False
50aad11f,1,12x14,4x8,True,4,2,True,None,0,False,,,False,False,False
50aad11f,2,12x9,8x4,True,4,2,True,None,0,False,,,False,False,False
50aad11f,3,12x18,4x12,True,6,3,True,None,0,False,,,False,False,False
50c07299,1,16x16,16x16,False,3,4,True,None,0,False,,,False,False,False
50c07299,2,16x16,16x16,False,2,3,True,None,0,False,,,False,False,False
50c07299,3,16x16,16x16,False,4,5,True,None,0,False,,,False,False,False
50cb2852,1,12x11,12x11,False,2,4,True,None,0,False,,,False,False,False
50cb2852,2,13x15,13x15,False,3,6,True,None,0,False,,,False,False,False
50cb2852,3,12x13,12x13,False,3,6,True,None,0,False,,,False,False,False
50f325b5,1,15x18,15x18,False,125,126,True,None,0,False,,,False,False,False
50f325b5,2,14x17,14x17,False,109,111,True,None,0,False,,,False,False,False
50f325b5,3,18x17,18x17,False,150,154,True,None,0,False,,,False,False,False
50f325b5,4,11x18,11x18,False,85,86,True,None,0,False,,,False,False,False
5117e062,1,13x13,3x3,True,6,1,True,None,0,False,,,False,False,False
5117e062,2,13x13,3x3,True,8,1,True,None,0,False,,,False,False,False
5117e062,3,13x13,3x3,True,5,1,True,None,0,False,,,False,False,False
5168d44c,1,13x7,13x7,False,8,8,False,None,0,False,,,False,False,False
5168d44c,2,7x13,7x13,False,7,7,False,None,0,False,,,False,False,False
5168d44c,3,7x7,7x7,False,5,5,False,reflection,1,False,,horizontal,False,False,False
516b51b7,1,12x13,12x13,False,2,6,True,None,0,False,,,False,False,False
516b51b7,2,12x11,12x11,False,3,7,True,None,0,False,,,False,False,False
516b51b7,3,15x14,15x14,False,2,7,True,None,0,False,,,False,False,False
5207a7b5,1,11x8,11x8,False,1,3,True,None,0,False,,,False,False,False
5207a7b5,2,14x7,14x7,False,1,3,True,None,0,False,,,False,False,False
5207a7b5,3,14x8,14x8,False,1,3,True,None,0,False,,,False,False,False
522fdd07,1,16x16,16x16,False,6,6,False,None,0,False,,,False,False,False
522fdd07,2,16x16,16x16,False,3,3,False,None,0,False,,,False,False,False
522fdd07,3,16x16,16x16,False,4,4,False,None,0,False,,,False,False,False
522fdd07,4,16x16,16x16,False,5,5,False,None,0,False,,,False,False,False
52364a65,1,11x11,11x11,False,5,4,True,None,0,False,,,False,False,False
52364a65,2,9x9,9x9,False,4,3,True,None,0,False,,,False,False,False
5289ad53,1,10x14,2x3,True,6,2,True,None,0,False,,,False,False,False
5289ad53,2,10x10,2x3,True,5,3,True,None,0,False,,,False,False,False
5289ad53,3,13x15,2x3,True,7,2,True,None,0,False,,,False,False,False
5289ad53,4,10x19,2x3,True,6,2,True,None,0,False,,,False,False,False
52df9849,1,16x16,16x16,False,3,3,False,None,0,False,,,False,False,False
52df9849,2,16x16,16x16,False,4,4,False,None,0,False,,,False,False,False
52fd389e,1,25x25,25x25,False,6,8,True,None,0,False,,,False,False,False
52fd389e,2,25x25,25x25,False,7,9,True,None,0,False,,,False,False,False
52fd389e,3,25x25,25x25,False,7,9,True,None,0,False,,,False,False,False
538b439f,1,20x20,20x20,False,18,16,True,None,0,False,,,False,False,False
538b439f,2,21x18,21x18,False,40,34,True,None,0,False,,,False,False,False
539a4f51,1,5x5,10x10,True,3,7,True,None,0,False,,,False,False,False
539a4f51,2,5x5,10x10,True,2,5,True,None,0,False,,,False,False,False
539a4f51,3,5x5,10x10,True,5,10,True,None,0,False,,,False,False,False
53b68214,1,8x10,10x10,True,7,10,True,None,0,False,,,False,False,False
53b68214,2,5x10,10x10,True,1,1,False,"scale_up, tile_repeat",2,False,,,False,True,False
53b68214,3,6x10,10x10,True,1,1,False,None,0,False,,,False,False,False
543a7ed5,1,15x15,15x15,False,6,8,True,None,0,False,,,False,False,False
543a7ed5,2,15x15,15x15,False,5,8,True,None,0,False,,,False,False,False
54d82841,1,5x5,5x5,False,1,2,True,None,0,False,,,False,False,False
54d82841,2,8x8,8x8,False,2,4,True,None,0,False,,,False,False,False
54d82841,3,5x7,5x7,False,2,4,True,None,0,False,,,False,False,False
54d9e175,1,3x11,3x11,False,5,5,False,None,0,False,,,False,False,False
54d9e175,2,3x11,3x11,False,5,5,False,None,0,False,,,False,False,False
54d9e175,3,7x11,7x11,False,7,7,False,None,0,False,,,False,False,False
54d9e175,4,3x11,3x11,False,5,5,False,None,0,False,,,False,False,False
54db823b,1,15x15,15x15,False,25,22,True,None,0,False,,,False,False,False
54db823b,2,15x15,15x15,False,21,19,True,None,0,False,,,False,False,False
54db823b,3,15x15,15x15,False,21,17,True,None,0,False,,,False,False,False
54db823b,4,15x15,15x15,False,31,27,True,None,0,False,,,False,False,False
54dc2872,1,12x13,12x13,False,11,9,True,None,0,False,,,False,False,False
54dc2872,2,12x12,12x12,False,5,4,True,None,0,False,,,False,False,False
55059096,1,14x16,14x16,False,4,9,True,None,0,False,,,False,False,False
55059096,2,14x10,14x10,False,3,10,True,None,0,False,,,False,False,False
55059096,3,12x13,12x13,False,4,6,True,None,0,False,,,False,False,False
551d5bf1,1,24x25,24x25,False,5,10,True,None,0,False,,,False,False,False
551d5bf1,2,24x28,24x28,False,5,10,True,None,0,False,,,False,False,False
5521c0d9,1,15x15,15x15,False,3,3,False,None,0,False,,,False,False,False
5521c0d9,2,15x15,15x15,False,3,3,False,None,0,False,,,False,False,False
5521c0d9,3,15x15,15x15,False,3,3,False,None,0,False,,,False,False,False
5582e5ca,1,3x3,3x3,False,8,1,True,recolor,1,True,,,False,False,False
5582e5ca,2,3x3,3x3,False,5,1,True,recolor,1,True,,,False,False,False
5582e5ca,3,3x3,3x3,False,8,1,True,recolor,1,True,,,False,False,False
5587a8d0,1,6x6,3x3,True,3,2,True,None,0,False,,,False,False,False
5587a8d0,2,9x9,5x5,True,5,3,True,None,0,False,,,False,False,False
5587a8d0,3,7x7,7x7,False,5,3,True,None,0,False,,,False,False,False
5614dbcf,1,9x9,3x3,True,8,2,True,None,0,False,,,False,False,False
5614dbcf,2,9x9,3x3,True,11,5,True,None,0,False,,,False,False,False
5623160b,1,10x10,10x10,False,7,7,False,None,0,False,,,False,False,False
5623160b,2,9x9,9x9,False,5,5,False,None,0,False,,,False,False,False
5623160b,3,12x12,12x12,False,6,7,True,None,0,False,,,False,False,False
56dc2b01,1,17x5,17x5,False,2,3,True,None,0,False,,,False,False,False
56dc2b01,2,4x16,4x16,False,2,3,True,None,0,False,,,False,False,False
56dc2b01,3,17x5,17x5,False,2,3,True,None,0,False,,,False,False,False
56ff96f3,1,10x10,10x10,False,2,1,True,None,0,False,,,False,False,False
56ff96f3,2,7x8,7x8,False,4,2,True,None,0,False,,,False,False,False
56ff96f3,3,6x11,6x11,False,2,1,True,None,0,False,,,False,False,False
56ff96f3,4,10x10,10x10,False,4,2,True,None,0,False,,,False,False,False
5751f35e,1,10x10,10x10,False,16,3,True,None,0,False,,,False,False,False
5751f35e,2,10x10,10x10,False,14,2,True,None,0,False,,,False,False,False
575b1a71,1,10x10,10x10,False,1,9,True,None,0,False,,,False,False,False
575b1a71,2,10x10,10x10,False,1,10,True,None,0,False,,,False,False,False
575b1a71,3,10x10,10x10,False,1,7,True,None,0,False,,,False,False,False
5783df64,1,9x9,3x3,True,9,9,False,None,0,False,,,False,False,False
5783df64,2,6x6,3x3,True,9,9,False,None,0,False,,,False,False,False
5783df64,3,6x6,3x3,True,9,9,False,None,0,False,,,False,False,False
5792cb4d,1,10x10,10x10,False,9,9,False,None,0,False,,,False,False,False
5792cb4d,2,10x10,10x10,False,11,11,False,None,0,False,,,False,False,False
57aa92db,1,17x18,17x18,False,4,4,False,None,0,False,,,False,False,False
57aa92db,2,16x18,16x18,False,6,6,False,None,0,False,,,False,False,False
57aa92db,3,15x18,15x18,False,8,12,True,None,0,False,,,False,False,False
57aa92db,4,16x12,16x12,False,4,4,False,None,0,False,,,False,False,False
57edb29d,1,20x24,5x7,True,11,3,True,None,0,False,,,False,False,False
57edb29d,2,22x20,20x12,True,12,5,True,None,0,False,,,False,False,False
57edb29d,3,20x20,10x6,True,13,3,True,None,0,False,,,False,False,False
5833af48,1,16x18,9x15,True,11,5,True,None,0,False,,,False,False,False
5833af48,2,17x18,8x16,True,11,6,True,None,0,False,,,False,False,False
5833af48,3,15x15,6x9,True,11,7,True,None,0,False,,,False,False,False
58743b76,1,12x12,12x12,False,17,17,False,None,0,False,,,False,False,False
58743b76,2,10x10,10x10,False,15,15,False,None,0,False,,,False,False,False
58c02a16,1,7x7,7x7,False,6,49,True,None,0,False,,,False,False,False
58c02a16,2,9x9,9x9,False,7,38,True,None,0,False,,,False,False,False
58c02a16,3,12x8,12x8,False,4,16,True,None,0,False,,,False,False,False
58e15b12,1,22x18,22x18,False,4,32,True,None,0,False,,,False,False,False
58e15b12,2,23x17,23x17,False,4,27,True,None,0,False,,,False,False,False
58e15b12,3,24x19,24x19,False,4,42,True,None,0,False,,,False,False,False
59341089,1,3x3,3x12,True,5,13,True,None,0,False,,,False,False,False
59341089,2,3x3,3x12,True,3,7,True,None,0,False,,,False,False,False
59341089,3,3x3,3x12,True,7,19,True,None,0,False,,,False,False,False
59341089,4,3x3,3x12,True,5,12,True,None,0,False,,,False,False,False
5a5a2103,1,19x19,19x19,False,7,33,True,None,0,False,,,False,False,False
5a5a2103,2,14x14,14x14,False,5,10,True,None,0,False,,,False,False,False
5a719d11,1,25x17,25x17,False,13,10,True,None,0,False,,,False,False,False
5a719d11,2,25x17,25x17,False,14,11,True,None,0,False,,,False,False,False
5a719d11,3,18x17,18x17,False,8,8,False,None,0,False,,,False,False,False
5ad4f10b,1,22x23,3x3,True,37,4,True,None,0,False,,,False,False,False
5ad4f10b,2,20x24,3x3,True,34,3,True,None,0,False,,,False,False,False
5ad4f10b,3,24x23,3x3,True,17,2,True,None,0,False,,,False,False,False
5ad8a7c0,1,4x6,4x6,False,4,2,True,None,0,False,,,False,False,False
5ad8a7c0,2,4x6,4x6,False,7,7,False,"unchanged, reflection, crop",3,False,,vertical,True,False,False
5ad8a7c0,3,4x6,4x6,False,6,4,True,None,0,False,,,False,False,False
5ad8a7c0,4,4x6,4x6,False,7,7,False,"unchanged, reflection, crop",3,False,,vertical,True,False,False
5ad8a7c0,5,4x6,4x6,False,6,5,True,None,0,False,,,False,False,False
5adee1b2,1,20x20,20x20,False,7,10,True,None,0,False,,,False,False,False
5adee1b2,2,20x20,20x20,False,8,11,True,None,0,False,,,False,False,False
5af49b42,1,13x15,13x15,False,13,27,True,None,0,False,,,False,False,False
5af49b42,2,12x14,12x14,False,9,23,True,None,0,False,,,False,False,False
5af49b42,3,13x13,13x13,False,11,21,True,None,0,False,,,False,False,False
5b37cb25,1,30x30,30x30,False,9,15,True,None,0,False,,,False,False,False
5b37cb25,2,30x30,30x30,False,8,10,True,None,0,False,,,False,False,False
5b526a93,1,22x16,22x16,False,6,12,True,None,0,False,,,False,False,False
5b526a93,2,19x17,19x17,False,5,9,True,None,0,False,,,False,False,False
5b692c0f,1,14x14,14x14,False,4,5,True,None,0,False,,,False,False,False
5b692c0f,2,17x19,17x19,False,8,10,True,None,0,False,,,False,False,False
5b6cbef5,1,4x4,16x16,True,3,15,True,None,0,False,,,False,False,False
5b6cbef5,2,4x4,16x16,True,3,12,True,None,0,False,,,False,False,False
5b6cbef5,3,4x4,16x16,True,1,3,True,None,0,False,,,False,False,False
5b6cbef5,4,4x4,16x16,True,2,12,True,None,0,False,,,False,False,False
5b6cbef5,5,4x4,16x16,True,2,12,True,None,0,False,,,False,False,False
5bd6f4ac,1,9x9,3x3,True,19,4,True,crop,1,False,,,True,False,False
5bd6f4ac,2,9x9,3x3,True,35,5,True,crop,1,False,,,True,False,False
5bd6f4ac,3,9x9,3x3,True,18,3,True,crop,1,False,,,True,False,False
5bd6f4ac,4,9x9,3x3,True,28,5,True,crop,1,False,,,True,False,False
5c0a986e,1,10x10,10x10,False,2,14,True,None,0,False,,,False,False,False
5c0a986e,2,10x10,10x10,False,2,6,True,None,0,False,,,False,False,False
5c0a986e,3,10x10,10x10,False,2,8,True,None,0,False,,,False,False,False
5c2c9af4,1,23x23,23x23,False,3,7,True,None,0,False,,,False,False,False
5c2c9af4,2,23x23,23x23,False,3,6,True,None,0,False,,,False,False,False
5c2c9af4,3,23x23,23x23,False,3,4,True,None,0,False,,,False,False,False
5d2a5c43,1,6x9,6x4,True,6,1,True,None,0,False,,,False,False,False
5d2a5c43,2,6x9,6x4,True,3,1,True,None,0,False,,,False,False,False
5d2a5c43,3,6x9,6x4,True,9,1,True,None,0,False,,,False,False,False
5d2a5c43,4,6x9,6x4,True,8,1,True,None,0,False,,,False,False,False
5d2a5c43,5,6x9,6x4,True,8,1,True,None,0,False,,,False,False,False
5d588b4d,1,8x11,5x11,True,1,1,False,None,0,False,,,False,False,False
5d588b4d,2,7x23,1x23,True,1,7,True,None,0,False,,,False,False,False
5d588b4d,3,8x5,3x5,True,1,2,True,None,0,False,,,False,False,False
5d588b4d,4,7x23,1x23,True,1,5,True,None,0,False,,,False,False,False
5daaa586,1,12x12,8x8,True,16,4,True,None,0,False,,,False,False,False
5daaa586,2,22x22,15x12,True,22,4,True,None,0,False,,,False,False,False
5daaa586,3,14x15,6x9,True,25,4,True,None,0,False,,,False,False,False
5e6bbc0b,1,5x6,5x6,False,15,3,True,None,0,False,,,False,False,False
5e6bbc0b,2,7x7,7x7,False,25,3,True,None,0,False,,,False,False,False
5e6bbc0b,3,4x8,4x8,False,16,3,True,None,0,False,,,False,False,False
5e6bbc0b,4,3x3,3x3,False,4,5,True,None,0,False,,,False,False,False
5ecac7f7,1,5x17,5x5,True,26,7,True,None,0,False,,,False,False,False
5ecac7f7,2,5x17,5x5,True,19,8,True,None,0,False,,,False,False,False
5ecac7f7,3,5x17,5x5,True,13,4,True,None,0,False,,,False,False,False
5ffb2104,1,6x6,6x6,False,5,4,True,None,0,False,,,False,False,False
5ffb2104,2,10x13,10x13,False,5,5,False,None,0,False,,,False,False,False
5ffb2104,3,6x6,6x6,False,5,5,False,None,0,False,,,False,False,False
60a26a3e,1,14x16,14x16,False,20,23,True,None,0,False,,,False,False,False
60a26a3e,2,10x15,10x15,False,12,14,True,None,0,False,,,False,False,False
60a26a3e,3,12x15,12x15,False,20,24,True,None,0,False,,,False,False,False
60b61512,1,9x9,9x9,False,2,5,True,None,0,False,,,False,False,False
60b61512,2,9x9,9x9,False,3,7,True,None,0,False,,,False,False,False
60c09cac,1,4x4,8x8,True,3,3,False,scale_up,1,False,,,False,True,False
60c09cac,2,3x3,6x6,True,2,2,False,scale_up,1,False,,,False,True,False
60d73be6,1,10x15,10x15,False,13,35,True,None,0,False,,,False,False,False
60d73be6,2,11x11,11x11,False,10,25,True,None,0,False,,,False,False,False
60d73be6,3,8x8,8x8,False,12,24,True,None,0,False,,,False,False,False
6150a2bd,1,3x3,3x3,False,3,3,False,rotation,1,False,180.0,,False,False,False
6150a2bd,2,3x3,3x3,False,4,4,False,"recolor, rotation",2,True,180.0,,False,False,False
6165ea8f,1,20x20,17x17,True,10,30,True,None,0,False,,,False,False,False
6165ea8f,2,20x20,14x14,True,8,20,True,None,0,False,,,False,False,False
6165ea8f,3,20x20,14x14,True,8,20,True,None,0,False,,,False,False,False
623ea044,1,15x15,15x15,False,1,21,True,None,0,False,,,False,False,False
623ea044,2,15x15,15x15,False,1,21,True,None,0,False,,,False,False,False
623ea044,3,7x7,7x7,False,1,11,True,None,0,False,,,False,False,False
626c0bcc,1,7x7,7x7,False,2,5,True,None,0,False,,,False,False,False
626c0bcc,2,7x7,7x7,False,1,5,True,None,0,False,,,False,False,False
626c0bcc,3,7x7,7x7,False,1,4,True,None,0,False,,,False,False,False
62ab2642,1,10x9,10x9,False,1,3,True,None,0,False,,,False,False,False
62ab2642,2,15x5,15x5,False,1,3,True,None,0,False,,,False,False,False
62ab2642,3,10x12,10x12,False,1,3,True,None,0,False,,,False,False,False
62b74c02,1,4x12,4x12,False,10,16,True,None,0,False,,,False,False,False
62b74c02,2,3x10,3x10,False,6,10,True,None,0,False,,,False,False,False
62b74c02,3,3x14,3x14,False,5,9,True,None,0,False,,,False,False,False
62c24649,1,3x3,6x6,True,4,11,True,None,0,False,,,False,False,False
62c24649,2,3x3,6x6,True,3,6,True,None,0,False,,,False,False,False
62c24649,3,3x3,6x6,True,5,16,True,None,0,False,,,False,False,False
6350f1f4,1,5x5,5x5,False,7,5,True,None,0,False,,,False,False,False
6350f1f4,2,5x5,5x5,False,10,5,True,None,0,False,,,False,False,False
6350f1f4,3,11x11,11x11,False,22,15,True,None,0,False,,,False,False,False
6350f1f4,4,11x11,11x11,False,32,15,True,None,0,False,,,False,False,False
63613498,1,10x10,10x10,False,6,6,False,recolor,1,True,,,False,False,False
63613498,2,10x10,10x10,False,6,6,False,recolor,1,True,,,False,False,False
63613498,3,10x10,10x10,False,5,5,False,recolor,1,True,,,False,False,False
639f5a19,1,23x23,23x23,False,2,10,True,None,0,False,,,False,False,False
639f5a19,2,23x23,23x23,False,2,10,True,None,0,False,,,False,False,False
642248e4,1,14x10,14x10,False,11,17,True,None,0,False,,,False,False,False
642248e4,2,12x13,12x13,False,10,15,True,None,0,False,,,False,False,False
642248e4,3,12x10,12x10,False,8,12,True,None,0,False,,,False,False,False
642d658d,1,22x22,1x1,True,69,1,True,crop,1,False,,,True,False,False
642d658d,2,26x24,1x1,True,80,1,True,crop,1,False,,,True,False,False
642d658d,3,20x22,1x1,True,18,1,True,crop,1,False,,,True,False,False
6430c8c4,1,9x4,4x4,True,4,3,True,None,0,False,,,False,False,False
6430c8c4,2,9x4,4x4,True,6,3,True,None,0,False,,,False,False,False
6430c8c4,3,9x4,4x4,True,8,2,True,None,0,False,,,False,False,False
6430c8c4,4,9x4,4x4,True,6,2,True,None,0,False,,,False,False,False
6455b5f5,1,11x16,11x16,False,1,5,True,None,0,False,,,False,False,False
6455b5f5,2,11x13,11x13,False,1,3,True,None,0,False,,,False,False,False
6455b5f5,3,15x16,15x16,False,1,3,True,None,0,False,,,False,False,False
6455b5f5,4,18x13,18x13,False,1,4,True,None,0,False,,,False,False,False
64a7c07e,1,5x5,5x5,False,1,1,False,translation,1,False,,,False,False,True
64a7c07e,2,10x10,10x10,False,2,2,False,None,0,False,,,False,False,False
64a7c07e,3,12x12,12x12,False,3,3,False,None,0,False,,,False,False,False
652646ff,1,20x20,18x6,True,33,35,True,None,0,False,,,False,False,False
652646ff,2,10x10,18x6,True,34,35,True,None,0,False,,,False,False,False
652646ff,3,13x13,18x6,True,33,35,True,None,0,False,,,False,False,False
652646ff,4,10x10,12x6,True,22,24,True,None,0,False,,,False,False,False
662c240a,1,9x3,3x3,True,9,3,True,crop,1,False,,,True,False,False
662c240a,2,9x3,3x3,True,8,2,True,crop,1,False,,,True,False,False
662c240a,3,9x3,3x3,True,9,3,True,crop,1,False,,,True,False,False
662c240a,4,9x3,3x3,True,10,2,True,crop,1,False,,,True,False,False
668eec9a,1,16x16,5x3,True,23,5,True,None,0,False,,,False,False,False
668eec9a,2,16x16,5x3,True,25,4,True,None,0,False,,,False,False,False
668eec9a,3,16x16,5x3,True,31,5,True,None,0,False,,,False,False,False
66ac4c3b,1,22x22,22x22,False,19,21,True,None,0,False,,,False,False,False
66ac4c3b,2,22x22,22x22,False,20,23,True,None,0,False,,,False,False,False
66e6c45b,1,4x4,4x4,False,4,4,False,None,0,False,,,False,False,False
66e6c45b,2,4x4,4x4,False,4,4,False,None,0,False,,,False,False,False
66f2d22f,1,4x14,4x7,True,8,2,True,None,0,False,,,False,False,False
66f2d22f,2,4x14,4x7,True,6,3,True,None,0,False,,,False,False,False
66f2d22f,3,4x14,4x7,True,13,5,True,None,0,False,,,False,False,False
66f2d22f,4,4x14,4x7,True,7,2,True,None,0,False,,,False,False,False
67385a82,1,4x4,4x4,False,3,3,False,None,0,False,,,False,False,False
67385a82,2,4x6,4x6,False,4,4,False,None,0,False,,,False,False,False
67385a82,3,5x6,5x6,False,5,5,False,None,0,False,,,False,False,False
67385a82,4,3x3,3x3,False,3,3,False,None,0,False,,,False,False,False
673ef223,1,20x10,20x10,False,4,8,True,None,0,False,,,False,False,False
673ef223,2,19x8,19x8,False,3,5,True,None,0,False,,,False,False,False
673ef223,3,20x10,20x10,False,5,9,True,None,0,False,,,False,False,False
67636eac,1,16x10,9x3,True,12,12,False,None,0,False,,,False,False,False
67636eac,2,13x17,3x9,True,3,3,False,None,0,False,,,False,False,False
67636eac,3,12x10,6x3,True,10,10,False,None,0,False,,,False,False,False
6773b310,1,11x11,3x3,True,13,2,True,None,0,False,,,False,False,False
6773b310,2,11x11,3x3,True,12,2,True,None,0,False,,,False,False,False
6773b310,3,11x11,3x3,True,12,2,True,None,0,False,,,False,False,False
6773b310,4,11x11,3x3,True,13,2,True,None,0,False,,,False,False,False
67a3c6ac,1,7x7,7x7,False,20,20,False,reflection,1,False,,vertical,False,False,False
67a3c6ac,2,4x4,4x4,False,8,8,False,reflection,1,False,,vertical,False,False,False
67a3c6ac,3,6x6,6x6,False,24,24,False,reflection,1,False,,vertical,False,False,False
67a423a3,1,8x8,8x8,False,3,6,True,None,0,False,,,False,False,False
67a423a3,2,4x4,4x4,False,3,4,True,None,0,False,,,False,False,False
67a423a3,3,6x6,6x6,False,3,6,True,None,0,False,,,False,False,False
67c52801,1,4x5,4x5,False,2,2,False,None,0,False,,,False,False,False
67c52801,2,8x8,8x8,False,3,3,False,None,0,False,,,False,False,False
67c52801,3,9x12,9x12,False,4,4,False,None,0,False,,,False,False,False
67c52801,4,7x6,7x6,False,3,3,False,None,0,False,,,False,False,False
67e8384a,1,3x3,6x6,True,5,13,True,None,0,False,,,False,False,False
67e8384a,2,3x3,6x6,True,6,15,True,None,0,False,,,False,False,False
67e8384a,3,3x3,6x6,True,8,23,True,None,0,False,,,False,False,False
67e8384a,4,3x3,6x6,True,6,15,True,None,0,False,,,False,False,False
681b3aeb,1,10x10,3x3,True,2,2,False,None,0,False,,,False,False,False
681b3aeb,2,10x10,3x3,True,2,2,False,None,0,False,,,False,False,False
681b3aeb,3,10x10,3x3,True,2,2,False,None,0,False,,,False,False,False
6855a6e4,1,15x15,15x15,False,4,4,False,None,0,False,,,False,False,False
6855a6e4,2,15x15,15x15,False,4,4,False,None,0,False,,,False,False,False
6855a6e4,3,15x15,15x15,False,4,3,True,None,0,False,,,False,False,False
689c358e,1,11x11,11x11,False,7,16,True,None,0,False,,,False,False,False
689c358e,2,11x11,11x11,False,7,16,True,None,0,False,,,False,False,False
68b16354,1,5x5,5x5,False,21,21,False,reflection,1,False,,horizontal,False,False,False
68b16354,2,5x5,5x5,False,16,16,False,reflection,1,False,,horizontal,False,False,False
68b16354,3,7x7,7x7,False,37,37,False,reflection,1,False,,horizontal,False,False,False
68b67ca3,1,6x6,3x3,True,5,5,False,None,0,False,,,False,False,False
68b67ca3,2,6x6,3x3,True,6,4,True,None,0,False,,,False,False,False
68b67ca3,3,6x6,3x3,True,4,4,False,None,0,False,,,False,False,False
68bc2e87,1,18x19,5x1,True,19,5,True,None,0,False,,,False,False,False
68bc2e87,2,18x19,5x1,True,19,5,True,None,0,False,,,False,False,False
68bc2e87,3,18x19,4x1,True,23,4,True,None,0,False,,,False,False,False
68bc2e87,4,18x19,4x1,True,15,4,True,None,0,False,,,False,False,False
692cd3b6,1,15x15,15x15,False,4,5,True,None,0,False,,,False,False,False
692cd3b6,2,15x15,15x15,False,4,5,True,None,0,False,,,False,False,False
692cd3b6,3,15x15,15x15,False,4,5,True,None,0,False,,,False,False,False
694f12f3,1,10x10,10x10,False,2,4,True,None,0,False,,,False,False,False
694f12f3,2,10x10,10x10,False,2,4,True,None,0,False,,,False,False,False
695367ec,1,2x2,15x15,True,1,1,False,None,0,False,,,False,False,False
695367ec,2,3x3,15x15,True,1,1,False,None,0,False,,,False,False,False
695367ec,3,4x4,15x15,True,1,1,False,None,0,False,,,False,False,False
696d4842,1,20x20,20x20,False,4,6,True,None,0,False,,,False,False,False
696d4842,2,30x30,30x30,False,4,6,True,None,0,False,,,False,False,False
696d4842,3,20x20,20x20,False,4,6,True,None,0,False,,,False,False,False
69889d6e,1,10x10,10x10,False,2,2,False,None,0,False,,,False,False,False
69889d6e,2,10x10,10x10,False,1,1,False,None,0,False,,,False,False,False
69889d6e,3,10x10,10x10,False,3,3,False,None,0,False,,,False,False,False
69889d6e,4,10x10,10x10,False,1,1,False,None,0,False,,,False,False,False
6a11f6da,1,15x5,5x5,True,13,11,True,None,0,False,,,False,False,False
6a11f6da,2,15x5,5x5,True,14,10,True,None,0,False,,,False,False,False
6a11f6da,3,15x5,5x5,True,10,13,True,None,0,False,,,False,False,False
6a11f6da,4,15x5,5x5,True,6,5,True,None,0,False,,,False,False,False
6a11f6da,5,15x5,5x5,True,11,12,True,None,0,False,,,False,False,False
6a1e5592,1,10x15,10x15,False,5,5,False,None,0,False,,,False,False,False
6a1e5592,2,10x15,10x15,False,4,4,False,None,0,False,,,False,False,False
6a980be1,1,18x19,18x19,False,6,11,True,None,0,False,,,False,False,False
6a980be1,2,14x18,14x18,False,7,17,True,None,0,False,,,False,False,False
6a980be1,3,19x15,19x15,False,9,20,True,None,0,False,,,False,False,False
6aa20dc0,1,20x21,20x21,False,8,11,True,None,0,False,,,False,False,False
6aa20dc0,2,20x19,20x19,False,8,10,True,None,0,False,,,False,False,False
6aa20dc0,3,21x22,21x22,False,8,10,True,None,0,False,,,False,False,False
6ad5bdfd,1,5x11,5x11,False,7,7,False,None,0,False,,,False,False,False
6ad5bdfd,2,10x6,10x6,False,7,7,False,None,0,False,,,False,False,False
6ad5bdfd,3,5x10,5x10,False,6,6,False,None,0,False,,,False,False,False
6b9890af,1,19x22,5x5,True,4,4,False,None,0,False,,,False,False,False
6b9890af,2,18x21,8x8,True,2,2,False,None,0,False,,,False,False,False
6b9890af,3,21x24,11x11,True,3,3,False,None,0,False,,,False,False,False
6bcdb01e,1,7x7,7x7,False,14,20,True,None,0,False,,,False,False,False
6bcdb01e,2,5x5,5x5,False,11,16,True,None,0,False,,,False,False,False
6c434453,1,10x10,10x10,False,5,5,False,None,0,False,,,False,False,False
6c434453,2,10x10,10x10,False,5,5,False,None,0,False,,,False,False,False
6ca952ad,1,7x7,7x7,False,3,3,False,None,0,False,,,False,False,False
6ca952ad,2,15x15,15x15,False,6,6,False,None,0,False,,,False,False,False
6ca952ad,3,16x16,16x16,False,7,7,False,None,0,False,,,False,False,False
6cbe9eb8,1,14x22,12x11,True,169,4,True,None,0,False,,,False,False,False
6cbe9eb8,2,13x23,9x12,True,121,4,True,None,0,False,,,False,False,False
6cbe9eb8,3,16x23,8x8,True,151,3,True,None,0,False,,,False,False,False
6cdd2623,1,13x20,13x20,False,24,2,True,None,0,False,,,False,False,False
6cdd2623,2,11x22,11x22,False,43,1,True,None,0,False,,,False,False,False
6cdd2623,3,15x17,15x17,False,36,1,True,None,0,False,,,False,False,False
6cf79266,1,20x20,20x20,False,29,30,True,None,0,False,,,False,False,False
6cf79266,2,20x20,20x20,False,11,12,True,None,0,False,,,False,False,False
6cf79266,3,20x20,20x20,False,30,32,True,None,0,False,,,False,False,False
6d0160f0,1,11x11,11x11,False,28,5,True,None,0,False,,,False,False,False
6d0160f0,2,11x11,11x11,False,21,4,True,None,0,False,,,False,False,False
6d0160f0,3,11x11,11x11,False,23,4,True,None,0,False,,,False,False,False
6d0160f0,4,11x11,11x11,False,37,5,True,None,0,False,,,False,False,False
6d0aefbc,1,3x3,3x6,True,5,7,True,None,0,False,,,False,False,False
6d0aefbc,2,3x3,3x6,True,4,6,True,None,0,False,,,False,False,False
6d0aefbc,3,3x3,3x6,True,2,2,False,None,0,False,,,False,False,False
6d0aefbc,4,3x3,3x6,True,5,7,True,None,0,False,,,False,False,False
6d1d5c90,1,6x7,6x6,True,10,8,True,crop,1,False,,,True,False,False
6d1d5c90,2,6x7,6x6,True,10,9,True,None,0,False,,,False,False,False
6d1d5c90,3,6x7,6x6,True,10,7,True,None,0,False,,,False,False,False
6d58a25d,1,20x20,20x20,False,14,14,False,None,0,False,,,False,False,False
6d58a25d,2,20x20,20x20,False,11,11,False,None,0,False,,,False,False,False
6d58a25d,3,20x20,20x20,False,23,21,True,None,0,False,,,False,False,False
6d75e8bb,1,7x8,7x8,False,1,3,True,None,0,False,,,False,False,False
6d75e8bb,2,14x10,14x10,False,1,3,True,None,0,False,,,False,False,False
6d75e8bb,3,9x8,9x8,False,1,3,True,None,0,False,,,False,False,False
6df30ad6,1,10x10,10x10,False,12,1,True,recolor,1,True,,,False,False,False
6df30ad6,2,10x10,10x10,False,12,1,True,recolor,1,True,,,False,False,False
6df30ad6,3,10x10,10x10,False,15,1,True,recolor,1,True,,,False,False,False
6df30ad6,4,10x10,10x10,False,3,1,True,recolor,1,True,,,False,False,False
6df30ad6,5,10x10,10x10,False,12,1,True,recolor,1,True,,,False,False,False
6e02f1e3,1,3x3,3x3,False,1,1,False,None,0,False,,,False,False,False
6e02f1e3,2,3x3,3x3,False,3,3,False,None,0,False,,,False,False,False
6e02f1e3,3,3x3,3x3,False,1,1,False,None,0,False,,,False,False,False
6e02f1e3,4,3x3,3x3,False,2,3,True,None,0,False,,,False,False,False
6e02f1e3,5,3x3,3x3,False,2,3,True,None,0,False,,,False,False,False
6e19193c,1,10x10,10x10,False,2,10,True,None,0,False,,,False,False,False
6e19193c,2,10x10,10x10,False,2,8,True,None,0,False,,,False,False,False
6e82a1ae,1,10x10,10x10,False,5,5,False,None,0,False,,,False,False,False
6e82a1ae,2,10x10,10x10,False,6,6,False,None,0,False,,,False,False,False
6e82a1ae,3,10x10,10x10,False,4,4,False,None,0,False,,,False,False,False
6ea4a07e,1,3x3,3x3,False,1,1,False,recolor,1,True,,,False,False,False
6ea4a07e,2,3x3,3x3,False,2,2,False,recolor,1,True,,,False,False,False
6ea4a07e,3,3x3,3x3,False,3,3,False,recolor,1,True,,,False,False,False
6ea4a07e,4,3x3,3x3,False,3,2,True,recolor,1,True,,,False,False,False
6ea4a07e,5,3x3,3x3,False,1,1,False,recolor,1,True,,,False,False,False
6ea4a07e,6,3x3,3x3,False,2,1,True,recolor,1,True,,,False,False,False
6ecd11f4,1,27x25,3x3,True,11,6,True,None,0,False,,,False,False,False
6ecd11f4,2,27x21,3x3,True,14,5,True,None,0,False,,,False,False,False
6ecd11f4,3,22x22,4x4,True,19,10,True,None,0,False,,,False,False,False
6f473927,1,3x3,3x6,True,1,3,True,None,0,False,,,False,False,False
6f473927,2,8x6,8x12,True,2,4,True,None,0,False,,,False,False,False
6f473927,3,3x3,3x6,True,1,2,True,None,0,False,,,False,False,False
6f473927,4,10x5,10x10,True,5,9,True,None,0,False,,,False,False,False
6f8cd79b,1,5x4,5x4,False,0,1,True,None,0,False,,,False,False,False
6f8cd79b,2,4x3,4x3,False,0,1,True,None,0,False,,,False,False,False
6f8cd79b,3,5x6,5x6,False,0,1,True,None,0,False,,,False,False,False
6f8cd79b,4,3x3,3x3,False,0,1,True,None,0,False,,,False,False,False
6fa7a44f,1,3x3,6x3,True,6,9,True,None,0,False,,,False,False,False
6fa7a44f,2,3x3,6x3,True,9,15,True,None,0,False,,,False,False,False
6fa7a44f,3,3x3,6x3,True,5,7,True,None,0,False,,,False,False,False
6fa7a44f,4,3x3,6x3,True,4,6,True,None,0,False,,,False,False,False
6ffe8f07,1,19x19,19x19,False,4,9,True,None,0,False,,,False,False,False
6ffe8f07,2,19x19,19x19,False,11,13,True,None,0,False,,,False,False,False
6ffe8f07,3,19x19,19x19,False,7,11,True,None,0,False,,,False,False,False
6ffe8f07,4,19x18,19x18,False,10,14,True,None,0,False,,,False,False,False
7039b2d7,1,27x27,5x5,True,26,1,True,crop,1,False,,,True,False,False
7039b2d7,2,21x21,3x4,True,13,1,True,crop,1,False,,,True,False,False
7039b2d7,3,10x10,2x3,True,7,1,True,crop,1,False,,,True,False,False
705a3229,1,12x10,12x10,False,3,3,False,None,0,False,,,False,False,False
705a3229,2,14x15,14x15,False,2,2,False,None,0,False,,,False,False,False
705a3229,3,11x8,11x8,False,1,1,False,None,0,False,,,False,False,False
705a3229,4,12x12,12x12,False,2,2,False,None,0,False,,,False,False,False
712bf12e,1,13x14,13x14,False,24,24,False,None,0,False,,,False,False,False
712bf12e,2,12x13,12x13,False,21,21,False,None,0,False,,,False,False,False
712bf12e,3,13x15,13x15,False,24,24,False,None,0,False,,,False,False,False
72207abc,1,3x19,3x19,False,3,6,True,None,0,False,,,False,False,False
72207abc,2,3x29,3x29,False,2,8,True,None,0,False,,,False,False,False
72207abc,3,3x19,3x19,False,2,6,True,None,0,False,,,False,False,False
72322fa7,1,13x12,13x12,False,7,12,True,None,0,False,,,False,False,False
72322fa7,2,13x22,13x22,False,17,30,True,None,0,False,,,False,False,False
72322fa7,3,14x19,14x19,False,10,15,True,None,0,False,,,False,False,False
72a961c9,1,9x6,9x6,False,3,5,True,None,0,False,,,False,False,False
72a961c9,2,10x7,10x7,False,3,5,True,None,0,False,,,False,False,False
72a961c9,3,9x9,9x9,False,7,13,True,None,0,False,,,False,False,False
72a961c9,4,13x10,13x10,False,5,9,True,None,0,False,,,False,False,False
72ca375d,1,10x10,2x2,True,3,1,True,crop,1,False,,,True,False,False
72ca375d,2,10x10,2x4,True,4,1,True,crop,1,False,,,True,False,False
72ca375d,3,10x10,2x4,True,3,1,True,crop,1,False,,,True,False,False
73182012,1,12x12,4x4,True,10,5,True,crop,1,False,,,True,False,False
73182012,2,12x12,4x4,True,12,5,True,crop,1,False,,,True,False,False
73182012,3,12x12,4x4,True,17,6,True,crop,1,False,,,True,False,False
73c3b0d8,1,12x8,12x8,False,6,11,True,None,0,False,,,False,False,False
73c3b0d8,2,10x6,10x6,False,3,8,True,None,0,False,,,False,False,False
73c3b0d8,3,6x3,6x3,False,2,2,False,None,0,False,,,False,False,False
73c3b0d8,4,7x5,7x5,False,2,6,True,None,0,False,,,False,False,False
73ccf9c2,1,21x21,4x5,True,8,3,True,crop,1,False,,,True,False,False
73ccf9c2,2,23x23,4x4,True,9,1,True,crop,1,False,,,True,False,False
73ccf9c2,3,20x20,5x7,True,13,5,True,crop,1,False,,,True,False,False
7447852a,1,3x15,3x15,False,15,18,True,None,0,False,,,False,False,False
7447852a,2,3x10,3x10,False,10,12,True,None,0,False,,,False,False,False
7447852a,3,3x18,3x18,False,18,22,True,None,0,False,,,False,False,False
7468f01a,1,12x16,5x5,True,2,2,False,None,0,False,,,False,False,False
7468f01a,2,10x15,4x8,True,3,3,False,None,0,False,,,False,False,False
7468f01a,3,15x17,4x6,True,4,4,False,None,0,False,,,False,False,False
746b3537,1,4x2,3x1,True,3,3,False,crop,1,False,,,True,False,False
746b3537,2,3x3,1x3,True,3,3,False,crop,1,False,,,True,False,False
746b3537,3,3x5,1x4,True,4,4,False,None,0,False,,,False,False,False
746b3537,4,6x4,4x1,True,4,4,False,None,0,False,,,False,False,False
746b3537,5,3x3,3x1,True,3,3,False,crop,1,False,,,True,False,False
74dd1130,1,3x3,3x3,False,6,6,False,None,0,False,,,False,False,False
74dd1130,2,3x3,3x3,False,4,4,False,None,0,False,,,False,False,False
74dd1130,3,3x3,3x3,False,5,5,False,None,0,False,,,False,False,False
74dd1130,4,3x3,3x3,False,6,6,False,None,0,False,,,False,False,False
753ea09b,1,30x30,30x30,False,118,61,True,None,0,False,,,False,False,False
753ea09b,2,30x30,30x30,False,53,13,True,None,0,False,,,False,False,False
753ea09b,3,30x30,30x30,False,94,55,True,None,0,False,,,False,False,False
758abdf0,1,16x8,16x8,False,7,5,True,None,0,False,,,False,False,False
758abdf0,2,8x16,8x16,False,5,4,True,None,0,False,,,False,False,False
759f3fd3,1,10x10,10x10,False,1,11,True,None,0,False,,,False,False,False
759f3fd3,2,20x20,20x20,False,1,24,True,None,0,False,,,False,False,False
75b8110e,1,8x8,4x4,True,12,10,True,None,0,False,,,False,False,False
75b8110e,2,8x8,4x4,True,14,8,True,None,0,False,,,False,False,False
75b8110e,3,8x8,4x4,True,11,10,True,None,0,False,,,False,False,False
75b8110e,4,8x8,4x4,True,9,5,True,None,0,False,,,False,False,False
75b8110e,5,8x8,4x4,True,10,9,True,None,0,False,,,False,False,False
760b3cac,1,6x9,6x9,False,2,2,False,None,0,False,,,False,False,False
760b3cac,2,6x9,6x9,False,3,4,True,None,0,False,,,False,False,False
760b3cac,3,6x9,6x9,False,4,5,True,None,0,False,,,False,False,False
762cd429,1,10x14,10x14,False,4,12,True,None,0,False,,,False,False,False
762cd429,2,10x14,10x14,False,3,7,True,None,0,False,,,False,False,False
762cd429,3,16x30,16x30,False,4,16,True,None,0,False,,,False,False,False
770cc55f,1,13x5,13x5,False,3,4,True,None,0,False,,,False,False,False
770cc55f,2,13x5,13x5,False,3,4,True,None,0,False,,,False,False,False
770cc55f,3,13x6,13x6,False,3,4,True,None,0,False,,,False,False,False
770cc55f,4,9x4,9x4,False,3,4,True,None,0,False,,,False,False,False
776ffc46,1,20x20,20x20,False,8,8,False,None,0,False,,,False,False,False
776ffc46,2,20x20,20x20,False,6,6,False,None,0,False,,,False,False,False
776ffc46,3,20x20,20x20,False,8,8,False,None,0,False,,,False,False,False
776ffc46,4,20x20,20x20,False,6,6,False,None,0,False,,,False,False,False
77fdfe62,1,6x6,2x2,True,6,3,True,None,0,False,,,False,False,False
77fdfe62,2,8x8,4x4,True,9,4,True,None,0,False,,,False,False,False
77fdfe62,3,8x8,4x4,True,7,5,True,None,0,False,,,False,False,False
780d0b14,1,18x22,2x3,True,20,6,True,None,0,False,,,False,False,False
780d0b14,2,20x20,2x2,True,13,4,True,None,0,False,,,False,False,False
780d0b14,3,23x17,3x2,True,15,6,True,None,0,False,,,False,False,False
782b5218,1,10x10,10x10,False,11,2,True,None,0,False,,,False,False,False
782b5218,2,10x10,10x10,False,21,11,True,None,0,False,,,False,False,False
782b5218,3,10x10,10x10,False,16,2,True,None,0,False,,,False,False,False
7837ac64,1,29x29,3x3,True,35,2,True,None,0,False,,,False,False,False
7837ac64,2,27x27,3x3,True,28,3,True,None,0,False,,,False,False,False
7837ac64,3,27x27,3x3,True,41,2,True,None,0,False,,,False,False,False
7837ac64,4,29x29,3x3,True,29,2,True,None,0,False,,,False,False,False
78e78cff,1,11x11,11x11,False,6,9,True,None,0,False,,,False,False,False
78e78cff,2,11x12,11x12,False,10,13,True,None,0,False,,,False,False,False
79369cc6,1,18x16,18x16,False,85,87,True,None,0,False,,,False,False,False
79369cc6,2,19x12,19x12,False,79,75,True,None,0,False,,,False,False,False
79369cc6,3,17x17,17x17,False,97,98,True,None,0,False,,,False,False,False
794b24be,1,3x3,3x3,False,3,1,True,None,0,False,,,False,False,False
794b24be,2,3x3,3x3,False,2,1,True,None,0,False,,,False,False,False
794b24be,3,3x3,3x3,False,2,1,True,None,0,False,,,False,False,False
794b24be,4,3x3,3x3,False,1,1,False,None,0,False,,,False,False,False
794b24be,5,3x3,3x3,False,2,1,True,None,0,False,,,False,False,False
794b24be,6,3x3,3x3,False,1,1,False,None,0,False,,,False,False,False
794b24be,7,3x3,3x3,False,2,1,True,None,0,False,,,False,False,False
794b24be,8,3x3,3x3,False,2,1,True,None,0,False,,,False,False,False
794b24be,9,3x3,3x3,False,1,1,False,None,0,False,,,False,False,False
794b24be,10,3x3,3x3,False,1,1,False,None,0,False,,,False,False,False
7953d61e,1,4x4,8x8,True,11,41,True,None,0,False,,,False,False,False
7953d61e,2,4x4,8x8,True,10,36,True,None,0,False,,,False,False,False
7953d61e,3,4x4,8x8,True,7,26,True,None,0,False,,,False,False,False
7953d61e,4,4x4,8x8,True,11,39,True,None,0,False,,,False,False,False
7953d61e,5,4x4,8x8,True,13,48,True,None,0,False,,,False,False,False
79cce52d,1,7x7,6x6,True,11,6,True,crop,1,False,,,True,False,False
79cce52d,2,7x7,6x6,True,14,11,True,None,0,False,,,False,False,False
79cce52d,3,7x7,6x6,True,13,11,True,None,0,False,,,False,False,False
7acdf6d3,1,16x16,16x16,False,10,10,False,None,0,False,,,False,False,False
7acdf6d3,2,13x13,13x13,False,13,10,True,None,0,False,,,False,False,False
7b6016b9,1,22x25,22x25,False,1,5,True,None,0,False,,,False,False,False
7b6016b9,2,23x23,23x23,False,1,6,True,None,0,False,,,False,False,False
7b6016b9,3,24x21,24x21,False,1,5,True,None,0,False,,,False,False,False
7b7f7511,1,3x6,3x3,True,5,3,True,crop,1,False,,,True,False,False
7b7f7511,2,4x8,4x4,True,12,6,True,crop,1,False,,,True,False,False
7b7f7511,3,6x2,3x2,True,10,5,True,crop,1,False,,,True,False,False
7bb29440,1,12x11,4x6,True,5,2,True,crop,1,False,,,True,False,False
7bb29440,2,22x20,3x5,True,20,4,True,crop,1,False,,,True,False,False
7bb29440,3,22x21,4x5,True,32,4,True,crop,1,False,,,True,False,False
7bb29440,4,22x15,7x5,True,23,3,True,crop,1,False,,,True,False,False
7bb29440,5,21x18,5x5,True,28,3,True,crop,1,False,,,True,False,False
7c008303,1,9x9,6x6,True,11,8,True,None,0,False,,,False,False,False
7c008303,2,9x9,6x6,True,6,4,True,None,0,False,,,False,False,False
7c008303,3,9x9,6x6,True,12,8,True,None,0,False,,,False,False,False
7c8af763,1,10x10,10x10,False,18,10,True,None,0,False,,,False,False,False
7c8af763,2,10x10,10x10,False,18,12,True,None,0,False,,,False,False,False
7c8af763,3,10x10,10x10,False,29,19,True,None,0,False,,,False,False,False
7c9b52a0,1,16x16,3x4,True,5,4,True,None,0,False,,,False,False,False
7c9b52a0,2,16x16,4x4,True,4,3,True,None,0,False,,,False,False,False
7c9b52a0,3,16x16,4x5,True,3,2,True,None,0,False,,,False,False,False
7d18a6fb,1,17x17,7x7,True,14,8,True,None,0,False,,,False,False,False
7d18a6fb,2,17x13,7x7,True,15,10,True,None,0,False,,,False,False,False
7d18a6fb,3,18x17,7x7,True,15,8,True,None,0,False,,,False,False,False
7d1f7ee8,1,22x28,22x28,False,6,5,True,None,0,False,,,False,False,False
7d1f7ee8,2,23x27,23x27,False,7,7,False,None,0,False,,,False,False,False
7d1f7ee8,3,12x18,12x18,False,4,4,False,recolor,1,True,,,False,False,False
7d419a02,1,16x14,16x14,False,9,17,True,None,0,False,,,False,False,False
7d419a02,2,12x19,12x19,False,11,18,True,None,0,False,,,False,False,False
7d419a02,3,16x22,16x22,False,9,19,True,None,0,False,,,False,False,False
7d7772cc,1,16x16,16x16,False,16,16,False,None,0,False,,,False,False,False
7d7772cc,2,16x16,16x16,False,17,17,False,None,0,False,,,False,False,False
7ddcd7ec,1,10x10,10x10,False,3,7,True,None,0,False,,,False,False,False
7ddcd7ec,2,10x10,10x10,False,2,7,True,None,0,False,,,False,False,False
7ddcd7ec,3,10x10,10x10,False,3,8,True,None,0,False,,,False,False,False
7df24a62,1,23x23,23x23,False,42,44,True,None,0,False,,,False,False,False
7df24a62,2,23x23,23x23,False,26,27,True,None,0,False,,,False,False,False
7df24a62,3,23x23,23x23,False,38,40,True,None,0,False,,,False,False,False
7df24a62,4,23x23,23x23,False,18,19,True,None,0,False,,,False,False,False
7e02026e,1,12x12,12x12,False,19,20,True,None,0,False,,,False,False,False
7e02026e,2,12x12,12x12,False,18,20,True,None,0,False,,,False,False,False
7e02026e,3,12x12,12x12,False,2,5,True,None,0,False,,,False,False,False
7e0986d6,1,13x16,13x16,False,15,3,True,None,0,False,,,False,False,False
7e0986d6,2,13x14,13x14,False,20,4,True,None,0,False,,,False,False,False
7e2bad24,1,16x16,16x16,False,6,18,True,None,0,False,,,False,False,False
7e2bad24,2,16x16,16x16,False,6,17,True,None,0,False,,,False,False,False
7e2bad24,3,16x16,16x16,False,7,16,True,None,0,False,,,False,False,False
7e4d4f7c,1,6x8,3x8,True,7,9,True,None,0,False,,,False,False,False
7e4d4f7c,2,10x10,3x10,True,11,12,True,None,0,False,,,False,False,False
7e4d4f7c,3,12x13,3x13,True,11,9,True,None,0,False,,,False,False,False
7e4d4f7c,4,8x11,3x11,True,9,10,True,None,0,False,,,False,False,False
7e576d6e,1,30x30,30x30,False,15,19,True,None,0,False,,,False,False,False
7e576d6e,2,30x30,30x30,False,15,19,True,None,0,False,,,False,False,False
7e576d6e,3,30x30,30x30,False,19,25,True,None,0,False,,,False,False,False
7ec998c9,1,8x8,8x8,False,2,5,True,None,0,False,,,False,False,False
7ec998c9,2,5x5,5x5,False,2,5,True,None,0,False,,,False,False,False
7ec998c9,3,7x7,7x7,False,2,5,True,None,0,False,,,False,False,False
7ee1c6ea,1,10x10,10x10,False,26,26,False,None,0,False,,,False,False,False
7ee1c6ea,2,10x10,10x10,False,29,29,False,None,0,False,,,False,False,False
7ee1c6ea,3,10x10,10x10,False,26,26,False,None,0,False,,,False,False,False
7f4411dc,1,17x17,17x17,False,12,4,True,None,0,False,,,False,False,False
7f4411dc,2,13x13,13x13,False,8,3,True,None,0,False,,,False,False,False
7f4411dc,3,7x7,7x7,False,5,1,True,None,0,False,,,False,False,False
7fe24cdd,1,3x3,6x6,True,5,17,True,None,0,False,,,False,False,False
7fe24cdd,2,3x3,6x6,True,5,13,True,None,0,False,,,False,False,False
7fe24cdd,3,3x3,6x6,True,3,12,True,None,0,False,,,False,False,False
80214e03,1,20x14,3x3,True,8,8,False,None,0,False,,,False,False,False
80214e03,2,22x11,2x2,True,4,4,False,None,0,False,,,False,False,False
80214e03,3,18x19,2x3,True,8,6,True,None,0,False,,,False,False,False
80af3007,1,16x18,9x9,True,3,15,True,None,0,False,,,False,False,False
80af3007,2,16x18,9x9,True,5,25,True,None,0,False,,,False,False,False
80af3007,3,16x18,9x9,True,2,6,True,None,0,False,,,False,False,False
810b9b61,1,15x15,15x15,False,4,4,False,None,0,False,,,False,False,False
810b9b61,2,15x15,15x15,False,8,8,False,None,0,False,,,False,False,False
810b9b61,3,9x9,9x9,False,3,3,False,None,0,False,,,False,False,False
817e6c09,1,7x7,7x7,False,3,3,False,None,0,False,,,False,False,False
817e6c09,2,7x14,7x14,False,6,6,False,None,0,False,,,False,False,False
817e6c09,3,7x15,7x15,False,7,7,False,None,0,False,,,False,False,False
817e6c09,4,7x5,7x5,False,2,2,False,None,0,False,,,False,False,False
817e6c09,5,7x17,7x17,False,9,9,False,None,0,False,,,False,False,False
81c0276b,1,16x16,2x3,True,10,2,True,None,0,False,,,False,False,False
81c0276b,2,19x13,3x3,True,13,3,True,None,0,False,,,False,False,False
81c0276b,3,16x18,3x4,True,13,3,True,None,0,False,,,False,False,False
825aa9e9,1,6x10,6x10,False,7,6,True,None,0,False,,,False,False,False
825aa9e9,2,4x9,4x9,False,6,6,False,None,0,False,,,False,False,False
825aa9e9,3,9x10,9x10,False,5,5,False,None,0,False,,,False,False,False
825aa9e9,4,6x7,6x7,False,3,3,False,None,0,False,,,False,False,False
82819916,1,12x8,12x8,False,13,28,True,None,0,False,,,False,False,False
82819916,2,10x8,10x8,False,10,18,True,None,0,False,,,False,False,False
82819916,3,6x8,6x8,False,7,10,True,None,0,False,,,False,False,False
82819916,4,10x8,10x8,False,9,15,True,None,0,False,,,False,False,False
83302e8f,1,29x29,29x29,False,4,17,True,None,0,False,,,False,False,False
83302e8f,2,24x24,24x24,False,4,19,True,None,0,False,,,False,False,False
83302e8f,3,19x19,19x19,False,6,14,True,None,0,False,,,False,False,False
833966f4,1,5x1,5x1,False,4,4,False,recolor,1,True,,,False,False,False
833966f4,2,5x1,5x1,False,5,5,False,recolor,1,True,,,False,False,False
833dafe3,1,4x4,8x8,True,4,12,True,None,0,False,,,False,False,False
833dafe3,2,3x3,6x6,True,3,9,True,None,0,False,,,False,False,False
834ec97d,1,5x5,5x5,False,1,4,True,None,0,False,,,False,False,False
834ec97d,2,3x3,3x3,False,1,2,True,None,0,False,,,False,False,False
834ec97d,3,9x9,9x9,False,1,6,True,None,0,False,,,False,False,False
83b6b474,1,6x6,4x4,True,6,5,True,None,0,False,,,False,False,False
83b6b474,2,16x16,6x6,True,6,6,False,None,0,False,,,False,False,False
83eb0a57,1,30x30,9x5,True,7,4,True,None,0,False,,,False,False,False
83eb0a57,2,30x30,12x16,True,11,6,True,None,0,False,,,False,False,False
83eb0a57,3,30x30,13x15,True,9,5,True,None,0,False,,,False,False,False
8403a5d5,1,10x10,10x10,False,1,5,True,None,0,False,,,False,False,False
8403a5d5,2,10x10,10x10,False,1,9,True,None,0,False,,,False,False,False
8403a5d5,3,10x10,10x10,False,1,6,True,None,0,False,,,False,False,False
84551f4c,1,3x16,3x16,False,5,4,True,None,0,False,,,False,False,False
84551f4c,2,3x16,3x16,False,4,4,False,None,0,False,,,False,False,False
84551f4c,3,3x7,3x7,False,2,2,False,None,0,False,,,False,False,False
845d6e51,1,16x16,16x16,False,16,16,False,None,0,False,,,False,False,False
845d6e51,2,16x16,16x16,False,11,11,False,None,0,False,,,False,False,False
845d6e51,3,10x10,10x10,False,6,6,False,None,0,False,,,False,False,False
846bdb03,1,13x13,4x6,True,8,6,True,None,0,False,,,False,False,False
846bdb03,2,13x13,7x8,True,8,6,True,None,0,False,,,False,False,False
846bdb03,3,13x13,5x6,True,8,6,True,None,0,False,,,False,False,False
846bdb03,4,13x13,6x8,True,8,6,True,None,0,False,,,False,False,False
84ba50d3,1,9x9,9x9,False,6,7,True,None,0,False,,,False,False,False
84ba50d3,2,7x7,7x7,False,4,4,False,None,0,False,,,False,False,False
84ba50d3,3,11x11,11x11,False,6,8,True,None,0,False,,,False,False,False
84db8fc4,1,10x10,10x10,False,30,47,True,None,0,False,,,False,False,False
84db8fc4,2,10x10,10x10,False,25,38,True,None,0,False,,,False,False,False
84db8fc4,3,10x10,10x10,False,39,53,True,None,0,False,,,False,False,False
84db8fc4,4,10x10,10x10,False,33,44,True,None,0,False,,,False,False,False
84f2aca1,1,6x6,6x6,False,1,2,True,None,0,False,,,False,False,False
84f2aca1,2,6x6,6x6,False,1,2,True,None,0,False,,,False,False,False
84f2aca1,3,16x12,16x12,False,5,10,True,None,0,False,,,False,False,False
84f2aca1,4,13x13,13x13,False,5,10,True,None,0,False,,,False,False,False
855e0971,1,13x15,13x15,False,3,7,True,None,0,False,,,False,False,False
855e0971,2,14x13,14x13,False,2,4,True,None,0,False,,,False,False,False
855e0971,3,14x15,14x15,False,3,6,True,None,0,False,,,False,False,False
855e0971,4,15x19,15x19,False,3,6,True,None,0,False,,,False,False,False
8597cfd7,1,11x9,2x2,True,5,1,True,None,0,False,,,False,False,False
8597cfd7,2,9x9,2x2,True,5,1,True,None,0,False,,,False,False,False
8597cfd7,3,11x9,2x2,True,5,1,True,None,0,False,,,False,False,False
8597cfd7,4,9x9,2x2,True,5,1,True,None,0,False,,,False,False,False
85b81ff1,1,13x14,13x14,False,5,5,False,None,0,False,,,False,False,False
85b81ff1,2,13x14,13x14,False,5,5,False,None,0,False,,,False,False,False
85b81ff1,3,13x14,13x14,False,5,5,False,None,0,False,,,False,False,False
85b81ff1,4,13x14,13x14,False,5,5,False,None,0,False,,,False,False,False
85c4e7cd,1,8x8,8x8,False,4,4,False,recolor,1,True,,,False,False,False
85c4e7cd,2,6x6,6x6,False,3,3,False,recolor,1,True,,,False,False,False
85c4e7cd,3,10x10,10x10,False,5,5,False,recolor,1,True,,,False,False,False
85c4e7cd,4,12x12,12x12,False,6,6,False,recolor,1,True,,,False,False,False
85fa5666,1,12x12,12x12,False,15,39,True,None,0,False,,,False,False,False
85fa5666,2,12x12,12x12,False,15,36,True,None,0,False,,,False,False,False
85fa5666,3,8x8,8x8,False,10,13,True,None,0,False,,,False,False,False
85fa5666,4,9x9,9x9,False,5,14,True,None,0,False,,,False,False,False
8618d23e,1,4x2,5x3,True,8,9,True,None,0,False,,,False,False,False
8618d23e,2,2x1,3x2,True,1,2,True,None,0,False,,,False,False,False
8618d23e,3,6x3,7x4,True,4,5,True,None,0,False,,,False,False,False
868de0fa,1,11x11,11x11,False,3,6,True,None,0,False,,,False,False,False
868de0fa,2,10x10,10x10,False,2,4,True,None,0,False,,,False,False,False
868de0fa,3,20x20,20x20,False,5,10,True,None,0,False,,,False,False,False
868de0fa,4,15x15,15x15,False,2,4,True,None,0,False,,,False,False,False
868de0fa,5,10x10,10x10,False,3,6,True,None,0,False,,,False,False,False
8719f442,1,3x3,15x15,True,2,6,True,None,0,False,,,False,False,False
8719f442,2,3x3,15x15,True,1,1,False,None,0,False,,,False,False,False
8719f442,3,3x3,15x15,True,3,11,True,None,0,False,,,False,False,False
8731374e,1,27x23,10x9,True,409,17,True,None,0,False,,,False,False,False
8731374e,2,17x23,7x6,True,274,10,True,None,0,False,,,False,False,False
8731374e,3,16x17,6x8,True,166,5,True,None,0,False,,,False,False,False
878187ab,1,16x16,16x16,False,16,13,True,None,0,False,,,False,False,False
878187ab,2,15x15,16x16,True,13,14,True,None,0,False,,,False,False,False
87ab05b8,1,4x4,4x4,False,7,2,True,None,0,False,,,False,False,False
87ab05b8,2,4x4,4x4,False,4,2,True,None,0,False,,,False,False,False
87ab05b8,3,4x4,4x4,False,9,2,True,None,0,False,,,False,False,False
880c1354,1,8x8,8x8,False,15,15,False,recolor,1,True,,,False,False,False
880c1354,2,8x8,8x8,False,11,11,False,recolor,1,True,,,False,False,False
880c1354,3,8x8,8x8,False,6,6,False,recolor,1,True,,,False,False,False
88207623,1,16x16,16x16,False,8,10,True,None,0,False,,,False,False,False
88207623,2,14x16,14x16,False,9,12,True,None,0,False,,,False,False,False
8886d717,1,11x11,11x11,False,15,8,True,None,0,False,,,False,False,False
8886d717,2,8x8,8x8,False,7,6,True,None,0,False,,,False,False,False
8886d717,3,12x12,12x12,False,16,13,True,None,0,False,,,False,False,False
88a10436,1,8x7,8x7,False,4,6,True,None,0,False,,,False,False,False
88a10436,2,9x9,9x9,False,5,8,True,None,0,False,,,False,False,False
88a10436,3,10x8,10x8,False,4,6,True,None,0,False,,,False,False,False
88a62173,1,5x5,2x2,True,7,1,True,crop,1,False,,,True,False,False
88a62173,2,5x5,2x2,True,4,1,True,crop,1,False,,,True,False,False
88a62173,3,5x5,2x2,True,5,2,True,crop,1,False,,,True,False,False
890034e9,1,21x21,21x21,False,117,112,True,None,0,False,,,False,False,False
890034e9,2,21x21,21x21,False,53,54,True,None,0,False,,,False,False,False
890034e9,3,21x21,21x21,False,100,96,True,None,0,False,,,False,False,False
891232d6,1,23x20,23x20,False,8,46,True,None,0,False,,,False,False,False
891232d6,2,28x29,28x29,False,68,92,True,None,0,False,,,False,False,False
891232d6,3,17x10,17x10,False,3,11,True,None,0,False,,,False,False,False
891232d6,4,28x19,28x19,False,36,62,True,None,0,False,,,False,False,False
896d5239,1,15x12,15x12,False,23,25,True,None,0,False,,,False,False,False
896d5239,2,13x12,13x12,False,35,32,True,None,0,False,,,False,False,False
896d5239,3,15x16,15x16,False,38,41,True,None,0,False,,,False,False,False
8a004b2b,1,17x18,7x7,True,10,8,True,None,0,False,,,False,False,False
8a004b2b,2,17x17,9x14,True,10,7,True,None,0,False,,,False,False,False
8a004b2b,3,16x18,11x11,True,10,7,True,None,0,False,,,False,False,False
8a371977,1,23x23,23x23,False,1,122,True,None,0,False,,,False,False,False
8a371977,2,19x19,19x19,False,1,10,True,None,0,False,,,False,False,False
8a371977,3,25x25,25x25,False,1,37,True,None,0,False,,,False,False,False
8a6d367c,1,27x21,14x14,True,14,6,True,None,0,False,,,False,False,False
8a6d367c,2,27x21,14x11,True,12,4,True,None,0,False,,,False,False,False
8a6d367c,3,27x21,8x10,True,6,4,True,None,0,False,,,False,False,False
8abad3cf,1,7x7,4x10,True,7,4,True,None,0,False,,,False,False,False
8abad3cf,2,7x4,3x6,True,6,3,True,None,0,False,,,False,False,False
8b28cd80,1,3x3,9x9,True,1,4,True,None,0,False,,,False,False,False
8b28cd80,2,3x3,9x9,True,1,5,True,None,0,False,,,False,False,False
8b28cd80,3,3x3,9x9,True,1,5,True,None,0,False,,,False,False,False
8b28cd80,4,3x3,9x9,True,1,5,True,None,0,False,,,False,False,False
8b28cd80,5,3x3,9x9,True,1,1,False,None,0,False,,,False,False,False
8ba14f53,1,4x9,3x3,True,2,2,False,None,0,False,,,False,False,False
8ba14f53,2,4x9,3x3,True,2,2,False,None,0,False,,,False,False,False
8ba14f53,3,4x9,3x3,True,2,2,False,None,0,False,,,False,False,False
8ba14f53,4,4x9,3x3,True,2,2,False,None,0,False,,,False,False,False
8ba14f53,5,4x9,3x3,True,2,2,False,None,0,False,,,False,False,False
8ba14f53,6,4x9,3x3,True,2,2,False,None,0,False,,,False,False,False
8be77c9e,1,3x3,6x3,True,2,3,True,None,0,False,,,False,False,False
8be77c9e,2,3x3,6x3,True,1,2,True,None,0,False,,,False,False,False
8be77c9e,3,3x3,6x3,True,1,1,False,None,0,False,,,False,False,False
8cb8642d,1,13x14,13x14,False,2,14,True,None,0,False,,,False,False,False
8cb8642d,2,12x15,12x15,False,2,10,True,None,0,False,,,False,False,False
8cb8642d,3,17x18,17x18,False,6,26,True,None,0,False,,,False,False,False
8d5021e8,1,3x2,9x4,True,1,1,False,None,0,False,,,False,False,False
8d5021e8,2,3x2,9x4,True,2,8,True,None,0,False,,,False,False,False
8d5021e8,3,3x2,9x4,True,2,8,True,None,0,False,,,False,False,False
8d510a79,1,10x10,10x10,False,11,11,False,None,0,False,,,False,False,False
8d510a79,2,10x10,10x10,False,8,8,False,None,0,False,,,False,False,False
8dab14c2,1,14x16,14x16,False,2,2,False,None,0,False,,,False,False,False
8dab14c2,2,13x17,13x17,False,2,2,False,None,0,False,,,False,False,False
8dab14c2,3,16x16,16x16,False,2,2,False,None,0,False,,,False,False,False
8dab14c2,4,14x15,14x15,False,2,2,False,None,0,False,,,False,False,False
8dae5dfc,1,17x17,17x17,False,8,8,False,None,0,False,,,False,False,False
8dae5dfc,2,18x16,18x16,False,4,4,False,recolor,1,True,,,False,False,False
8dae5dfc,3,17x19,17x19,False,7,7,False,None,0,False,,,False,False,False
8dae5dfc,4,18x19,18x19,False,7,7,False,None,0,False,,,False,False,False
8e1813be,1,12x10,3x3,True,4,3,True,None,0,False,,,False,False,False
8e1813be,2,18x15,6x6,True,7,6,True,None,0,False,,,False,False,False
8e1813be,3,12x12,4x4,True,7,4,True,None,0,False,,,False,False,False
8e2edd66,1,3x3,9x9,True,1,11,True,None,0,False,,,False,False,False
8e2edd66,2,3x3,9x9,True,3,13,True,None,0,False,,,False,False,False
8e2edd66,3,3x3,9x9,True,1,9,True,None,0,False,,,False,False,False
8e301a54,1,10x10,10x10,False,4,4,False,None,0,False,,,False,False,False
8e301a54,2,10x10,10x10,False,4,4,False,None,0,False,,,False,False,False
8e301a54,3,10x10,10x10,False,4,4,False,None,0,False,,,False,False,False
8e5a5113,1,3x11,3x11,False,5,11,True,None,0,False,,,False,False,False
8e5a5113,2,3x11,3x11,False,5,11,True,None,0,False,,,False,False,False
8e5a5113,3,3x11,3x11,False,5,11,True,None,0,False,,,False,False,False
8eb1be9a,1,10x12,10x12,False,1,1,False,None,0,False,,,False,False,False
8eb1be9a,2,15x19,15x19,False,1,8,True,None,0,False,,,False,False,False
8ee62060,1,12x12,12x12,False,12,12,False,None,0,False,,,False,False,False
8ee62060,2,12x12,12x12,False,12,12,False,None,0,False,,,False,False,False
8ee62060,3,10x10,10x10,False,15,15,False,None,0,False,,,False,False,False
8efcae92,1,20x20,9x9,True,29,12,True,crop,1,False,,,True,False,False
8efcae92,2,20x20,5x6,True,16,7,True,crop,1,False,,,True,False,False
8efcae92,3,20x20,5x17,True,27,9,True,crop,1,False,,,True,False,False
8f2ea7aa,1,9x9,9x9,False,2,8,True,None,0,False,,,False,False,False
8f2ea7aa,2,9x9,9x9,False,3,12,True,None,0,False,,,False,False,False
8f2ea7aa,3,9x9,9x9,False,3,13,True,None,0,False,,,False,False,False
8fbca751,1,8x12,8x12,False,3,12,True,None,0,False,,,False,False,False
8fbca751,2,8x12,8x12,False,3,7,True,None,0,False,,,False,False,False
8fbca751,3,7x7,7x7,False,2,5,True,None,0,False,,,False,False,False
8fff9e47,1,6x4,12x12,True,21,20,True,None,0,False,,,False,False,False
8fff9e47,2,4x6,12x12,True,13,17,True,None,0,False,,,False,False,False
902510d5,1,6x9,6x9,False,8,6,True,None,0,False,,,False,False,False
902510d5,2,11x11,11x11,False,11,6,True,None,0,False,,,False,False,False
902510d5,3,15x14,15x14,False,14,10,True,None,0,False,,,False,False,False
902510d5,4,10x10,10x10,False,11,6,True,None,0,False,,,False,False,False
90347967,1,3x3,3x3,False,4,4,False,rotation,1,False,180.0,,False,False,False
90347967,2,7x9,7x9,False,5,5,False,rotation,1,False,180.0,,False,False,False
90347967,3,9x9,9x9,False,4,4,False,None,0,False,,,False,False,False
90c28cc7,1,21x21,2x2,True,4,4,False,crop,1,False,,,True,False,False
90c28cc7,2,21x21,3x3,True,7,7,False,None,0,False,,,False,False,False
90c28cc7,3,21x21,3x2,True,5,5,False,None,0,False,,,False,False,False
90f3ed37,1,15x10,15x10,False,4,7,True,None,0,False,,,False,False,False
90f3ed37,2,15x10,15x10,False,7,9,True,None,0,False,,,False,False,False
90f3ed37,3,15x10,15x10,False,18,30,True,None,0,False,,,False,False,False
9110e3c5,1,7x7,3x3,True,17,2,True,None,0,False,,,False,False,False
9110e3c5,2,7x7,3x3,True,15,1,True,None,0,False,,,False,False,False
9110e3c5,3,7x7,3x3,True,16,1,True,None,0,False,,,False,False,False
9110e3c5,4,7x7,3x3,True,15,1,True,None,0,False,,,False,False,False
9110e3c5,5,7x7,3x3,True,17,1,True,None,0,False,,,False,False,False
9110e3c5,6,7x7,3x3,True,21,1,True,None,0,False,,,False,False,False
9110e3c5,7,7x7,3x3,True,12,2,True,None,0,False,,,False,False,False
913fb3ed,1,16x16,16x16,False,2,4,True,None,0,False,,,False,False,False
913fb3ed,2,6x6,6x6,False,1,2,True,None,0,False,,,False,False,False
913fb3ed,3,6x6,6x6,False,1,2,True,None,0,False,,,False,False,False
913fb3ed,4,12x12,12x12,False,3,6,True,None,0,False,,,False,False,False
91413438,1,3x3,9x9,True,2,5,True,None,0,False,,,False,False,False
91413438,2,3x3,15x15,True,2,8,True,None,0,False,,,False,False,False
91413438,3,3x3,18x18,True,3,7,True,None,0,False,,,False,False,False
91413438,4,3x3,12x12,True,1,5,True,None,0,False,,,False,False,False
91714a58,1,16x16,16x16,False,81,1,True,None,0,False,,,False,False,False
91714a58,2,16x16,16x16,False,83,1,True,None,0,False,,,False,False,False
91714a58,3,16x16,16x16,False,59,1,True,None,0,False,,,False,False,False
9172f3a0,1,3x3,9x9,True,3,3,False,scale_up,1,False,,,False,True,False
9172f3a0,2,3x3,9x9,True,4,4,False,scale_up,1,False,,,False,True,False
917bccba,1,12x12,12x12,False,6,5,True,None,0,False,,,False,False,False
917bccba,2,12x12,12x12,False,6,5,True,None,0,False,,,False,False,False
917bccba,3,12x12,12x12,False,6,5,True,None,0,False,,,False,False,False
928ad970,1,15x13,15x13,False,5,6,True,None,0,False,,,False,False,False
928ad970,2,12x13,12x13,False,5,6,True,None,0,False,,,False,False,False
928ad970,3,15x14,15x14,False,5,6,True,None,0,False,,,False,False,False
92e50de0,1,23x23,23x23,False,5,37,True,None,0,False,,,False,False,False
92e50de0,2,27x27,27x27,False,2,10,True,None,0,False,,,False,False,False
92e50de0,3,25x25,25x25,False,2,13,True,None,0,False,,,False,False,False
9344f635,1,8x8,8x8,False,5,11,True,None,0,False,,,False,False,False
9344f635,2,7x7,7x7,False,5,12,True,None,0,False,,,False,False,False
9344f635,3,9x9,9x9,False,4,14,True,None,0,False,,,False,False,False
9356391f,1,16x16,16x16,False,6,8,True,None,0,False,,,False,False,False
9356391f,2,16x16,16x16,False,6,9,True,None,0,False,,,False,False,False
93b4f4b3,1,13x12,13x6,True,4,4,False,None,0,False,,,False,False,False
93b4f4b3,2,10x12,10x6,True,4,4,False,None,0,False,,,False,False,False
93b581b8,1,6x6,6x6,False,4,8,True,None,0,False,,,False,False,False
93b581b8,2,6x6,6x6,False,4,8,True,None,0,False,,,False,False,False
93b581b8,3,6x6,6x6,False,4,8,True,None,0,False,,,False,False,False
93c31fbe,1,22x23,22x23,False,26,27,True,None,0,False,,,False,False,False
93c31fbe,2,23x25,23x25,False,24,24,False,None,0,False,,,False,False,False
93c31fbe,3,20x21,20x21,False,17,16,True,None,0,False,,,False,False,False
94133066,1,22x21,9x9,True,8,5,True,None,0,False,,,False,False,False
94133066,2,23x19,10x9,True,10,7,True,None,0,False,,,False,False,False
94133066,3,22x25,12x10,True,10,7,True,None,0,False,,,False,False,False
941d9a10,1,10x10,10x10,False,1,4,True,None,0,False,,,False,False,False
941d9a10,2,10x10,10x10,False,1,4,True,None,0,False,,,False,False,False
941d9a10,3,10x10,10x10,False,1,4,True,None,0,False,,,False,False,False
94414823,1,10x10,10x10,False,3,7,True,None,0,False,,,False,False,False
94414823,2,10x10,10x10,False,3,7,True,None,0,False,,,False,False,False
94414823,3,10x10,10x10,False,3,7,True,None,0,False,,,False,False,False
9473c6fb,1,6x10,6x10,False,7,7,False,None,0,False,,,False,False,False
9473c6fb,2,8x8,8x8,False,8,8,False,None,0,False,,,False,False,False
9473c6fb,3,6x10,6x10,False,10,10,False,None,0,False,,,False,False,False
94be5b80,1,18x14,18x14,False,6,4,True,None,0,False,,,False,False,False
94be5b80,2,17x13,17x13,False,5,3,True,None,0,False,,,False,False,False
94f9d214,1,8x4,4x4,True,4,2,True,None,0,False,,,False,False,False
94f9d214,2,8x4,4x4,True,6,2,True,None,0,False,,,False,False,False
94f9d214,3,8x4,4x4,True,4,1,True,None,0,False,,,False,False,False
94f9d214,4,8x4,4x4,True,4,2,True,None,0,False,,,False,False,False
952a094c,1,10x10,10x10,False,5,5,False,None,0,False,,,False,False,False
952a094c,2,10x10,10x10,False,5,5,False,None,0,False,,,False,False,False
952a094c,3,10x10,10x10,False,5,5,False,None,0,False,,,False,False,False
9565186b,1,3x3,3x3,False,2,2,False,recolor,1,True,,,False,False,False
9565186b,2,3x3,3x3,False,4,2,True,recolor,1,True,,,False,False,False
9565186b,3,3x3,3x3,False,5,3,True,recolor,1,True,,,False,False,False
9565186b,4,3x3,3x3,False,3,2,True,recolor,1,True,,,False,False,False
95755ff2,1,11x11,11x11,False,32,40,True,None,0,False,,,False,False,False
95755ff2,2,11x11,11x11,False,29,36,True,None,0,False,,,False,False,False
95755ff2,3,11x11,11x11,False,23,26,True,None,0,False,,,False,False,False
95990924,1,10x10,10x10,False,2,10,True,None,0,False,,,False,False,False
95990924,2,10x10,10x10,False,1,5,True,None,0,False,,,False,False,False
95990924,3,15x15,15x15,False,4,20,True,None,0,False,,,False,False,False
95a58926,1,21x17,21x17,False,44,23,True,None,0,False,,,False,False,False
95a58926,2,19x13,19x13,False,20,23,True,None,0,False,,,False,False,False
95a58926,3,21x24,21x24,False,36,96,True,None,0,False,,,False,False,False
963c33f8,1,16x16,16x16,False,10,12,True,None,0,False,,,False,False,False
963c33f8,2,14x14,14x14,False,12,14,True,None,0,False,,,False,False,False
963c33f8,3,16x16,16x16,False,12,16,True,None,0,False,,,False,False,False
963e52fc,1,5x7,5x14,True,5,10,True,None,0,False,,,False,False,False
963e52fc,2,5x6,5x12,True,6,12,True,tile_repeat,1,False,,,False,False,False
963e52fc,3,5x8,5x16,True,10,17,True,None,0,False,,,False,False,False
963f59bc,1,12x12,12x12,False,2,2,False,None,0,False,,,False,False,False
963f59bc,2,12x11,12x11,False,2,2,False,None,0,False,,,False,False,False
963f59bc,3,14x13,14x13,False,5,9,True,None,0,False,,,False,False,False
963f59bc,4,11x11,11x11,False,3,3,False,None,0,False,,,False,False,False
96a8c0cd,1,22x12,22x12,False,15,15,False,None,0,False,,,False,False,False
96a8c0cd,2,22x12,22x12,False,11,11,False,None,0,False,,,False,False,False
96a8c0cd,3,13x19,13x19,False,5,5,False,None,0,False,,,False,False,False
96a8c0cd,4,12x22,12x22,False,6,6,False,None,0,False,,,False,False,False
9720b24f,1,3x3,3x3,False,2,1,True,recolor,1,True,,,False,False,False
9720b24f,2,11x11,11x11,False,7,4,True,recolor,1,True,,,False,False,False
9720b24f,3,15x15,15x15,False,21,19,True,None,0,False,,,False,False,False
9720b24f,4,11x11,11x11,False,6,5,True,recolor,1,True,,,False,False,False
97239e3d,1,17x17,17x17,False,20,23,True,None,0,False,,,False,False,False
97239e3d,2,17x17,17x17,False,18,23,True,None,0,False,,,False,False,False
97239e3d,3,17x17,17x17,False,20,22,True,None,0,False,,,False,False,False
973e499e,1,3x3,9x9,True,3,11,True,None,0,False,,,False,False,False
973e499e,2,3x3,9x9,True,5,15,True,None,0,False,,,False,False,False
973e499e,3,5x5,25x25,True,3,15,True,None,0,False,,,False,False,False
9772c176,1,22x21,22x21,False,2,10,True,None,0,False,,,False,False,False
9772c176,2,26x29,26x29,False,2,9,True,None,0,False,,,False,False,False
97999447,1,10x12,10x12,False,3,27,True,None,0,False,,,False,False,False
97999447,2,10x8,10x8,False,2,11,True,None,0,False,,,False,False,False
97999447,3,7x8,7x8,False,1,5,True,None,0,False,,,False,False,False
97a05b5b,1,20x10,8x8,True,11,7,True,None,0,False,,,False,False,False
97a05b5b,2,24x19,17x9,True,16,11,True,None,0,False,,,False,False,False
97a05b5b,3,16x12,9x9,True,6,5,True,None,0,False,,,False,False,False
97c75046,1,10x6,10x6,False,2,2,False,None,0,False,,,False,False,False
97c75046,2,6x8,6x8,False,2,2,False,None,0,False,,,False,False,False
97c75046,3,12x8,12x8,False,2,2,False,None,0,False,,,False,False,False
981add89,1,20x20,20x20,False,4,11,True,None,0,False,,,False,False,False
981add89,2,30x30,30x30,False,14,40,True,None,0,False,,,False,False,False
9841fdad,1,14x25,14x25,False,7,11,True,None,0,False,,,False,False,False
9841fdad,2,11x22,11x22,False,6,9,True,None,0,False,,,False,False,False
984d8a3e,1,10x10,10x10,False,2,5,True,None,0,False,,,False,False,False
984d8a3e,2,10x10,10x10,False,5,7,True,None,0,False,,,False,False,False
985ae207,1,20x20,20x20,False,7,15,True,None,0,False,,,False,False,False
985ae207,2,20x20,20x20,False,10,16,True,None,0,False,,,False,False,False
985ae207,3,20x20,20x20,False,9,17,True,None,0,False,,,False,False,False
98c475bf,1,20x20,20x20,False,5,3,True,None,0,False,,,False,False,False
98c475bf,2,20x20,20x20,False,5,3,True,None,0,False,,,False,False,False
98c475bf,3,20x20,20x20,False,5,7,True,None,0,False,,,False,False,False
98c475bf,4,20x20,20x20,False,12,3,True,None,0,False,,,False,False,False
98cf29f8,1,13x18,13x18,False,2,2,False,None,0,False,,,False,False,False
98cf29f8,2,17x14,17x14,False,2,2,False,None,0,False,,,False,False,False
98cf29f8,3,15x19,15x19,False,2,2,False,None,0,False,,,False,False,False
992798f6,1,15x16,15x16,False,2,4,True,None,0,False,,,False,False,False
992798f6,2,15x12,15x12,False,2,8,True,None,0,False,,,False,False,False
992798f6,3,16x16,16x16,False,2,9,True,None,0,False,,,False,False,False
992798f6,4,13x12,13x12,False,2,8,True,None,0,False,,,False,False,False
99306f82,1,15x15,15x15,False,4,7,True,None,0,False,,,False,False,False
99306f82,2,10x10,10x10,False,3,5,True,None,0,False,,,False,False,False
99306f82,3,15x15,15x15,False,5,9,True,None,0,False,,,False,False,False
995c5fa3,1,4x14,3x3,True,3,3,False,None,0,False,,,False,False,False
995c5fa3,2,4x14,3x3,True,3,3,False,None,0,False,,,False,False,False
995c5fa3,3,4x14,3x3,True,3,3,False,None,0,False,,,False,False,False
995c5fa3,4,4x14,3x3,True,3,3,False,None,0,False,,,False,False,False
9968a131,1,4x4,4x4,False,10,8,True,None,0,False,,,False,False,False
9968a131,2,6x6,6x6,False,7,5,True,None,0,False,,,False,False,False
996ec1f3,1,19x19,3x3,True,97,5,True,None,0,False,,,False,False,False
996ec1f3,2,19x19,3x3,True,98,5,True,None,0,False,,,False,False,False
996ec1f3,3,19x19,3x3,True,112,4,True,None,0,False,,,False,False,False
99b1bc43,1,9x4,4x4,True,5,2,True,None,0,False,,,False,False,False
99b1bc43,2,9x4,4x4,True,5,5,False,None,0,False,,,False,False,False
99b1bc43,3,9x4,4x4,True,6,1,True,None,0,False,,,False,False,False
99b1bc43,4,9x4,4x4,True,9,1,True,None,0,False,,,False,False,False
99caaf76,1,8x8,8x8,False,19,18,True,None,0,False,,,False,False,False
99caaf76,2,8x5,8x5,False,11,11,False,None,0,False,,,False,False,False
99caaf76,3,9x13,9x13,False,27,25,True,None,0,False,,,False,False,False
99fa7670,1,6x6,6x6,False,2,2,False,None,0,False,,,False,False,False
99fa7670,2,3x3,3x3,False,1,1,False,None,0,False,,,False,False,False
99fa7670,3,7x5,7x5,False,3,3,False,None,0,False,,,False,False,False
99fa7670,4,6x6,6x6,False,2,2,False,None,0,False,,,False,False,False
9a4bb226,1,15x15,3x3,True,15,4,True,crop,1,False,,,True,False,False
9a4bb226,2,15x15,3x3,True,12,4,True,crop,1,False,,,True,False,False
9a4bb226,3,15x15,3x3,True,20,7,True,crop,1,False,,,True,False,False
9aec4887,1,14x16,5x5,True,5,6,True,None,0,False,,,False,False,False
9aec4887,2,15x16,6x6,True,6,8,True,None,0,False,,,False,False,False
9aec4887,3,15x15,6x6,True,7,9,True,None,0,False,,,False,False,False
9af7a82c,1,4x3,5x4,True,4,4,False,None,0,False,,,False,False,False
9af7a82c,2,3x4,6x4,True,4,4,False,None,0,False,,,False,False,False
9af7a82c,3,4x3,6x3,True,3,3,False,None,0,False,,,False,False,False
9af7a82c,4,3x3,5x3,True,3,3,False,None,0,False,,,False,False,False
9b2a60aa,1,23x17,23x17,False,7,16,True,None,0,False,,,False,False,False
9b2a60aa,2,16x22,16x22,False,5,8,True,None,0,False,,,False,False,False
9b2a60aa,3,23x14,23x14,False,5,8,True,None,0,False,,,False,False,False
9b30e358,1,10x5,10x5,False,3,6,True,None,0,False,,,False,False,False
9b30e358,2,10x7,10x7,False,7,15,True,None,0,False,,,False,False,False
9b365c51,1,6x15,6x15,False,5,3,True,None,0,False,,,False,False,False
9b365c51,2,8x20,8x20,False,5,3,True,None,0,False,,,False,False,False
9b365c51,3,7x18,7x18,False,6,4,True,None,0,False,,,False,False,False
9b4c17c4,1,12x11,12x11,False,6,5,True,None,0,False,,,False,False,False
9b4c17c4,2,11x13,11x13,False,6,5,True,None,0,False,,,False,False,False
9b4c17c4,3,12x14,12x14,False,7,7,False,None,0,False,,,False,False,False
9b4c17c4,4,15x15,15x15,False,6,5,True,None,0,False,,,False,False,False
9b5080bb,1,23x23,23x23,False,6,13,True,None,0,False,,,False,False,False
9b5080bb,2,23x23,23x23,False,5,10,True,None,0,False,,,False,False,False
9b5080bb,3,20x20,20x20,False,6,11,True,None,0,False,,,False,False,False
9ba4a9aa,1,22x22,3x3,True,41,2,True,crop,1,False,,,True,False,False
9ba4a9aa,2,22x22,3x3,True,43,2,True,crop,1,False,,,True,False,False
9ba4a9aa,3,22x22,3x3,True,51,2,True,crop,1,False,,,True,False,False
9bebae7a,1,11x10,11x10,False,4,4,False,None,0,False,,,False,False,False
9bebae7a,2,12x10,12x10,False,2,1,True,None,0,False,,,False,False,False
9bebae7a,3,10x10,10x10,False,4,4,False,None,0,False,,,False,False,False
9bebae7a,4,11x13,11x13,False,3,3,False,None,0,False,,,False,False,False
9bebae7a,5,6x10,6x10,False,2,1,True,None,0,False,,,False,False,False
9c1e755f,1,10x10,10x10,False,6,6,False,None,0,False,,,False,False,False
9c1e755f,2,10x10,10x10,False,7,22,True,None,0,False,,,False,False,False
9c1e755f,3,10x10,10x10,False,11,26,True,None,0,False,,,False,False,False
9c1e755f,4,10x10,10x10,False,3,3,False,None,0,False,,,False,False,False
9c56f360,1,7x8,7x8,False,11,14,True,None,0,False,,,False,False,False
9c56f360,2,7x6,7x6,False,11,12,True,None,0,False,,,False,False,False
9c56f360,3,9x8,9x8,False,13,17,True,None,0,False,,,False,False,False
9caba7c3,1,19x19,19x19,False,31,45,True,None,0,False,,,False,False,False
9caba7c3,2,19x19,19x19,False,35,48,True,None,0,False,,,False,False,False
9caba7c3,3,19x19,19x19,False,18,35,True,None,0,False,,,False,False,False
9caf5b84,1,6x6,6x6,False,24,18,True,recolor,1,True,,,False,False,False
9caf5b84,2,4x4,4x4,False,10,10,False,recolor,1,True,,,False,False,False
9caf5b84,3,6x6,6x6,False,22,16,True,recolor,1,True,,,False,False,False
9caf5b84,4,4x6,4x6,False,12,9,True,recolor,1,True,,,False,False,False
9d9215db,1,19x19,19x19,False,4,28,True,None,0,False,,,False,False,False
9d9215db,2,19x19,19x19,False,4,36,True,None,0,False,,,False,False,False
9d9215db,3,19x19,19x19,False,5,40,True,None,0,False,,,False,False,False
9ddd00f0,1,5x5,5x5,False,2,4,True,None,0,False,,,False,False,False
9ddd00f0,2,11x11,11x11,False,5,9,True,None,0,False,,,False,False,False
9def23fe,1,20x15,20x15,False,9,9,False,None,0,False,,,False,False,False
9def23fe,2,21x25,21x25,False,9,9,False,None,0,False,,,False,False,False
9def23fe,3,20x17,20x17,False,9,9,False,None,0,False,,,False,False,False
9dfd6313,1,4x4,4x4,False,6,6,False,None,0,False,,,False,False,False
9dfd6313,2,3x3,3x3,False,4,4,False,None,0,False,,,False,False,False
9dfd6313,3,5x5,5x5,False,8,8,False,None,0,False,,,False,False,False
9edfc990,1,15x15,15x15,False,99,91,True,None,0,False,,,False,False,False
9edfc990,2,13x13,13x13,False,71,69,True,None,0,False,,,False,False,False
9edfc990,3,16x16,16x16,False,132,128,True,None,0,False,,,False,False,False
9f236235,1,19x19,4x4,True,6,5,True,None,0,False,,,False,False,False
9f236235,2,19x19,4x4,True,7,3,True,None,0,False,,,False,False,False
9f236235,3,11x11,3x3,True,5,2,True,None,0,False,,,False,False,False
9f27f097,1,12x12,12x12,False,9,17,True,None,0,False,,,False,False,False
9f27f097,2,12x12,12x12,False,4,7,True,None,0,False,,,False,False,False
9f27f097,3,12x12,12x12,False,8,15,True,None,0,False,,,False,False,False
9f41bd9c,1,17x17,17x17,False,5,27,True,None,0,False,,,False,False,False
9f41bd9c,2,16x16,16x16,False,5,17,True,None,0,False,,,False,False,False
9f5f939b,1,16x16,16x16,False,11,12,True,None,0,False,,,False,False,False
9f5f939b,2,8x8,8x8,False,6,7,True,None,0,False,,,False,False,False
9f5f939b,3,16x16,16x16,False,16,18,True,None,0,False,,,False,False,False
9f669b64,1,10x10,10x10,False,4,5,True,None,0,False,,,False,False,False
9f669b64,2,10x10,10x10,False,5,5,False,None,0,False,,,False,False,False
9f669b64,3,10x10,10x10,False,4,5,True,None,0,False,,,False,False,False
9f8de559,1,14x14,14x14,False,11,12,True,None,0,False,,,False,False,False
9f8de559,2,14x14,14x14,False,15,15,False,None,0,False,,,False,False,False
9f8de559,3,14x14,14x14,False,10,10,False,None,0,False,,,False,False,False
9f8de559,4,14x14,14x14,False,8,8,False,None,0,False,,,False,False,False
a04b2602,1,20x20,20x20,False,26,35,True,None,0,False,,,False,False,False
a04b2602,2,20x20,20x20,False,23,30,True,None,0,False,,,False,False,False
a04b2602,3,10x17,10x17,False,11,14,True,None,0,False,,,False,False,False
a096bf4d,1,26x21,26x21,False,47,53,True,None,0,False,,,False,False,False
a096bf4d,2,21x21,21x21,False,38,43,True,None,0,False,,,False,False,False
a096bf4d,3,16x16,16x16,False,24,26,True,None,0,False,,,False,False,False
a09f6c25,1,19x19,19x19,False,11,8,True,None,0,False,,,False,False,False
a09f6c25,2,19x19,19x19,False,10,6,True,None,0,False,,,False,False,False
a09f6c25,3,17x19,17x19,False,8,5,True,None,0,False,,,False,False,False
a1570a43,1,9x10,9x10,False,5,5,False,None,0,False,,,False,False,False
a1570a43,2,9x9,9x9,False,5,5,False,None,0,False,,,False,False,False
a1570a43,3,9x8,9x8,False,5,5,False,None,0,False,,,False,False,False
a1570a43,4,7x7,7x7,False,5,5,False,None,0,False,,,False,False,False
a1aa0c1e,1,21x21,3x5,True,5,4,True,None,0,False,,,False,False,False
a1aa0c1e,2,21x21,3x5,True,5,5,False,None,0,False,,,False,False,False
a1aa0c1e,3,21x21,3x5,True,5,5,False,None,0,False,,,False,False,False
a2d730bd,1,22x16,22x16,False,6,15,True,None,0,False,,,False,False,False
a2d730bd,2,13x16,13x16,False,4,10,True,None,0,False,,,False,False,False
a2d730bd,3,22x16,22x16,False,5,14,True,None,0,False,,,False,False,False
a2fd1cf0,1,10x16,10x16,False,2,3,True,None,0,False,,,False,False,False
a2fd1cf0,2,15x15,15x15,False,2,3,True,None,0,False,,,False,False,False
a2fd1cf0,3,12x14,12x14,False,2,3,True,None,0,False,,,False,False,False
a3325580,1,10x10,3x1,True,3,1,True,crop,1,False,,,True,False,False
a3325580,2,10x10,9x2,True,3,2,True,None,0,False,,,False,False,False
a3325580,3,10x10,5x1,True,4,1,True,None,0,False,,,False,False,False
a3325580,4,10x10,3x2,True,2,2,False,None,0,False,,,False,False,False
a3325580,5,10x10,5x3,True,4,3,True,None,0,False,,,False,False,False
a3325580,6,10x10,3x3,True,3,3,False,None,0,False,,,False,False,False
a3f84088,1,16x16,16x16,False,1,5,True,None,0,False,,,False,False,False
a3f84088,2,6x6,6x6,False,1,3,True,None,0,False,,,False,False,False
a3f84088,3,19x19,19x19,False,1,7,True,None,0,False,,,False,False,False
a3f84088,4,13x13,13x13,False,1,3,True,None,0,False,,,False,False,False
a406ac07,1,10x10,10x10,False,9,13,True,None,0,False,,,False,False,False
a406ac07,2,10x10,10x10,False,9,13,True,None,0,False,,,False,False,False
a406ac07,3,10x10,10x10,False,7,10,True,None,0,False,,,False,False,False
a416b8f3,1,4x3,4x6,True,5,10,True,tile_repeat,1,False,,,False,False,False
a416b8f3,2,3x3,3x6,True,2,4,True,tile_repeat,1,False,,,False,False,False
a416b8f3,3,4x4,4x8,True,9,18,True,tile_repeat,1,False,,,False,False,False
a416fc5b,1,11x11,11x11,False,26,42,True,None,0,False,,,False,False,False
a416fc5b,2,11x11,11x11,False,26,42,True,None,0,False,,,False,False,False
a416fc5b,3,11x11,16x16,True,42,1,True,None,0,False,,,False,False,False
a48eeaf7,1,10x10,10x10,False,5,5,False,None,0,False,,,False,False,False
a48eeaf7,2,10x10,10x10,False,4,4,False,None,0,False,,,False,False,False
a5313dff,1,8x8,8x8,False,3,4,True,None,0,False,,,False,False,False
a5313dff,2,8x8,8x8,False,2,3,True,None,0,False,,,False,False,False
a5313dff,3,12x12,12x12,False,4,7,True,None,0,False,,,False,False,False
a57f2f04,1,23x19,23x19,False,4,7,True,None,0,False,,,False,False,False
a57f2f04,2,19x13,19x13,False,3,3,False,None,0,False,,,False,False,False
a57f2f04,3,24x21,24x21,False,5,10,True,None,0,False,,,False,False,False
a59b95c0,1,3x3,6x6,True,2,5,True,tile_repeat,1,False,,,False,False,False
a59b95c0,2,3x3,6x6,True,3,7,True,tile_repeat,1,False,,,False,False,False
a59b95c0,3,3x3,12x12,True,8,128,True,tile_repeat,1,False,,,False,False,False
a59b95c0,4,3x3,9x9,True,5,33,True,tile_repeat,1,False,,,False,False,False
a59b95c0,5,3x3,9x9,True,6,48,True,tile_repeat,1,False,,,False,False,False
a5f85a15,1,8x8,8x8,False,10,10,False,None,0,False,,,False,False,False
a5f85a15,2,3x3,3x3,False,3,3,False,None,0,False,,,False,False,False
a5f85a15,3,6x6,6x6,False,7,7,False,None,0,False,,,False,False,False
a61ba2ce,1,13x13,4x4,True,4,4,False,None,0,False,,,False,False,False
a61ba2ce,2,13x13,4x4,True,4,4,False,None,0,False,,,False,False,False
a61f2674,1,9x9,9x9,False,4,2,True,None,0,False,,,False,False,False
a61f2674,2,9x9,9x9,False,5,2,True,None,0,False,,,False,False,False
a644e277,1,17x21,9x9,True,64,12,True,crop,1,False,,,True,False,False
a644e277,2,18x22,6x11,True,62,13,True,crop,1,False,,,True,False,False
a64e4611,1,30x30,30x30,False,60,61,True,None,0,False,,,False,False,False
a64e4611,2,30x30,30x30,False,61,62,True,None,0,False,,,False,False,False
a64e4611,3,30x30,30x30,False,72,73,True,None,0,False,,,False,False,False
a65b410d,1,8x9,8x9,False,1,3,True,None,0,False,,,False,False,False
a65b410d,2,7x7,7x7,False,1,3,True,None,0,False,,,False,False,False
a65b410d,3,7x9,7x9,False,1,3,True,None,0,False,,,False,False,False
a680ac02,1,21x16,8x4,True,4,2,True,None,0,False,,,False,False,False
a680ac02,2,18x17,4x8,True,4,2,True,None,0,False,,,False,False,False
a680ac02,3,24x22,4x12,True,6,3,True,None,0,False,,,False,False,False
a68b268e,1,9x9,4x4,True,10,8,True,None,0,False,,,False,False,False
a68b268e,2,9x9,4x4,True,12,8,True,None,0,False,,,False,False,False
a68b268e,3,9x9,4x4,True,9,5,True,None,0,False,,,False,False,False
a68b268e,4,9x9,4x4,True,10,8,True,None,0,False,,,False,False,False
a68b268e,5,9x9,4x4,True,12,8,True,None,0,False,,,False,False,False
a68b268e,6,9x9,4x4,True,9,6,True,None,0,False,,,False,False,False
a6953f00,1,4x4,2x2,True,13,4,True,crop,1,False,,,True,False,False
a6953f00,2,3x3,2x2,True,8,3,True,crop,1,False,,,True,False,False
a6953f00,3,5x5,2x2,True,17,3,True,crop,1,False,,,True,False,False
a699fb00,1,10x10,10x10,False,10,16,True,None,0,False,,,False,False,False
a699fb00,2,5x5,5x5,False,4,6,True,None,0,False,,,False,False,False
a699fb00,3,10x10,10x10,False,11,17,True,None,0,False,,,False,False,False
a740d043,1,7x7,2x3,True,3,2,True,None,0,False,,,False,False,False
a740d043,2,5x7,3x3,True,4,3,True,None,0,False,,,False,False,False
a740d043,3,7x6,3x2,True,3,2,True,crop,1,False,,,True,False,False
a78176bb,1,10x10,10x10,False,6,14,True,None,0,False,,,False,False,False
a78176bb,2,10x10,10x10,False,11,16,True,None,0,False,,,False,False,False
a78176bb,3,10x10,10x10,False,11,20,True,None,0,False,,,False,False,False
a79310a0,1,3x3,3x3,False,1,1,False,None,0,False,,,False,False,False
a79310a0,2,5x5,5x5,False,1,1,False,None,0,False,,,False,False,False
a79310a0,3,5x5,5x5,False,1,1,False,None,0,False,,,False,False,False
a834deea,1,12x12,12x12,False,4,15,True,None,0,False,,,False,False,False
a834deea,2,9x9,9x9,False,5,9,True,None,0,False,,,False,False,False
a834deea,3,13x13,13x13,False,5,13,True,None,0,False,,,False,False,False
a85d4709,1,3x3,3x3,False,3,3,False,None,0,False,,,False,False,False
a85d4709,2,3x3,3x3,False,1,1,False,recolor,1,True,,,False,False,False
a85d4709,3,3x3,3x3,False,3,3,False,None,0,False,,,False,False,False
a85d4709,4,3x3,3x3,False,3,3,False,None,0,False,,,False,False,False
a8610ef7,1,6x6,6x6,False,3,15,True,None,0,False,,,False,False,False
a8610ef7,2,6x6,6x6,False,4,10,True,None,0,False,,,False,False,False
a8610ef7,3,6x6,6x6,False,4,10,True,None,0,False,,,False,False,False
a8610ef7,4,6x6,6x6,False,4,8,True,None,0,False,,,False,False,False
a87f7484,1,3x15,3x3,True,9,1,True,crop,1,False,,,True,False,False
a87f7484,2,3x12,3x3,True,11,5,True,crop,1,False,,,True,False,False
a87f7484,3,12x3,3x3,True,11,2,True,crop,1,False,,,True,False,False
a87f7484,4,9x3,3x3,True,7,1,True,crop,1,False,,,True,False,False
a8c38be5,1,16x14,9x9,True,17,9,True,None,0,False,,,False,False,False
a8c38be5,2,14x14,9x9,True,17,9,True,None,0,False,,,False,False,False
a8d7556c,1,18x18,18x18,False,26,31,True,None,0,False,,,False,False,False
a8d7556c,2,18x18,18x18,False,14,19,True,None,0,False,,,False,False,False
a8d7556c,3,18x18,18x18,False,11,14,True,None,0,False,,,False,False,False
a934301b,1,14x14,14x14,False,16,5,True,None,0,False,,,False,False,False
a934301b,2,14x14,14x14,False,17,6,True,None,0,False,,,False,False,False
a934301b,3,13x15,13x15,False,22,5,True,None,0,False,,,False,False,False
a9f96cdd,1,3x5,3x5,False,1,2,True,None,0,False,,,False,False,False
a9f96cdd,2,3x5,3x5,False,1,1,False,None,0,False,,,False,False,False
a9f96cdd,3,3x5,3x5,False,1,4,True,None,0,False,,,False,False,False
a9f96cdd,4,3x5,3x5,False,1,4,True,None,0,False,,,False,False,False
aa18de87,1,5x12,5x12,False,12,15,True,None,0,False,,,False,False,False
aa18de87,2,3x8,3x8,False,5,6,True,None,0,False,,,False,False,False
aa18de87,3,5x8,5x8,False,8,9,True,None,0,False,,,False,False,False
aa18de87,4,4x8,4x8,False,7,8,True,None,0,False,,,False,False,False
aa300dc3,1,10x10,10x10,False,1,9,True,None,0,False,,,False,False,False
aa300dc3,2,10x10,10x10,False,1,8,True,None,0,False,,,False,False,False
aa300dc3,3,10x10,10x10,False,1,7,True,None,0,False,,,False,False,False
aa300dc3,4,10x10,10x10,False,1,9,True,None,0,False,,,False,False,False
aa62e3f4,1,16x16,16x16,False,7,8,True,None,0,False,,,False,False,False
aa62e3f4,2,7x7,7x7,False,9,10,True,None,0,False,,,False,False,False
aab50785,1,12x17,6x5,True,97,16,True,None,0,False,,,False,False,False
aab50785,2,12x15,2x4,True,56,6,True,crop,1,False,,,True,False,False
aab50785,3,12x10,2x6,True,41,7,True,crop,1,False,,,True,False,False
aab50785,4,13x16,4x3,True,73,6,True,None,0,False,,,False,False,False
aab50785,5,13x17,4x5,True,93,9,True,None,0,False,,,False,False,False
aabf363d,1,7x7,7x7,False,2,1,True,recolor,1,True,,,False,False,False
aabf363d,2,7x7,7x7,False,2,1,True,recolor,1,True,,,False,False,False
aaecdb9a,1,10x10,2x5,True,12,4,True,None,0,False,,,False,False,False
aaecdb9a,2,10x10,3x5,True,7,4,True,None,0,False,,,False,False,False
aaecdb9a,3,10x10,5x5,True,15,7,True,None,0,False,,,False,False,False
aaef0977,1,8x8,8x8,False,2,57,True,None,0,False,,,False,False,False
aaef0977,2,8x8,8x8,False,2,61,True,None,0,False,,,False,False,False
aba27056,1,9x9,9x9,False,1,6,True,None,0,False,,,False,False,False
aba27056,2,7x7,7x7,False,1,6,True,None,0,False,,,False,False,False
aba27056,3,6x6,6x6,False,1,4,True,None,0,False,,,False,False,False
abbfd121,1,22x20,7x7,True,195,37,True,crop,1,False,,,True,False,False
abbfd121,2,23x19,10x10,True,143,42,True,None,0,False,,,False,False,False
abbfd121,3,21x22,6x12,True,148,33,True,crop,1,False,,,True,False,False
ac0a08a4,1,3x3,9x9,True,3,3,False,scale_up,1,False,,,False,True,False
ac0a08a4,2,3x3,6x6,True,2,2,False,scale_up,1,False,,,False,True,False
ac0a08a4,3,3x3,15x15,True,5,5,False,scale_up,1,False,,,False,True,False
ac0c2ac3,1,9x9,9x9,False,5,4,True,None,0,False,,,False,False,False
ac0c2ac3,2,7x7,7x7,False,5,4,True,None,0,False,,,False,False,False
ac0c2ac3,3,11x11,11x11,False,6,5,True,None,0,False,,,False,False,False
ac0c5833,1,26x26,26x26,False,17,25,True,None,0,False,,,False,False,False
ac0c5833,2,30x30,30x30,False,22,28,True,None,0,False,,,False,False,False
ac0c5833,3,25x25,25x25,False,13,20,True,None,0,False,,,False,False,False
ac2e8ecf,1,13x13,13x13,False,6,6,False,None,0,False,,,False,False,False
ac2e8ecf,2,13x16,13x16,False,4,4,False,None,0,False,,,False,False,False
ac2e8ecf,3,16x17,16x17,False,7,7,False,None,0,False,,,False,False,False
ac3e2b04,1,12x12,12x12,False,4,6,True,None,0,False,,,False,False,False
ac3e2b04,2,15x12,15x12,False,8,16,True,None,0,False,,,False,False,False
ac3e2b04,3,16x14,16x14,False,9,20,True,None,0,False,,,False,False,False
ac3e2b04,4,10x10,10x10,False,5,8,True,None,0,False,,,False,False,False
ac605cbb,1,11x11,11x11,False,3,15,True,None,0,False,,,False,False,False
ac605cbb,2,10x10,10x10,False,2,6,True,None,0,False,,,False,False,False
ac605cbb,3,10x10,10x10,False,2,12,True,None,0,False,,,False,False,False
ac605cbb,4,11x11,11x11,False,3,9,True,None,0,False,,,False,False,False
ac605cbb,5,10x10,10x10,False,2,6,True,None,0,False,,,False,False,False
ac605cbb,6,9x9,9x9,False,1,3,True,None,0,False,,,False,False,False
ac6f9922,1,17x17,2x2,True,8,4,True,None,0,False,,,False,False,False
ac6f9922,2,13x13,2x2,True,7,2,True,crop,1,False,,,True,False,False
ac6f9922,3,17x17,2x3,True,12,6,True,None,0,False,,,False,False,False
ad173014,1,20x22,20x22,False,13,13,False,recolor,1,True,,,False,False,False
ad173014,2,22x21,22x21,False,13,13,False,recolor,1,True,,,False,False,False
ad173014,3,26x26,26x26,False,10,10,False,recolor,1,True,,,False,False,False
ad38a9d0,1,9x9,9x9,False,10,10,False,None,0,False,,,False,False,False
ad38a9d0,2,9x9,9x9,False,7,7,False,None,0,False,,,False,False,False
ad3b40cf,1,9x9,9x9,False,5,6,True,None,0,False,,,False,False,False
ad3b40cf,2,16x16,16x16,False,23,25,True,None,0,False,,,False,False,False
ad3b40cf,3,15x15,15x15,False,7,9,True,None,0,False,,,False,False,False
ad7e01d0,1,4x4,16x16,True,6,36,True,None,0,False,,,False,False,False
ad7e01d0,2,3x3,9x9,True,5,9,True,None,0,False,,,False,False,False
ad7e01d0,3,4x4,16x16,True,3,25,True,None,0,False,,,False,False,False
ad7e01d0,4,3x3,9x9,True,3,11,True,None,0,False,,,False,False,False
ae3edfdc,1,15x15,15x15,False,8,8,False,None,0,False,,,False,False,False
ae3edfdc,2,15x15,15x15,False,10,10,False,None,0,False,,,False,False,False
ae3edfdc,3,15x15,15x15,False,7,7,False,None,0,False,,,False,False,False
ae4f1146,1,9x9,3x3,True,13,5,True,crop,1,False,,,True,False,False
ae4f1146,2,9x9,3x3,True,15,5,True,crop,1,False,,,True,False,False
ae4f1146,3,9x9,3x3,True,18,4,True,crop,1,False,,,True,False,False
ae4f1146,4,9x9,3x3,True,14,6,True,crop,1,False,,,True,False,False
ae58858e,1,6x6,6x6,False,6,6,False,None,0,False,,,False,False,False
ae58858e,2,10x12,10x12,False,9,9,False,None,0,False,,,False,False,False
ae58858e,3,10x9,10x9,False,6,6,False,None,0,False,,,False,False,False
ae58858e,4,10x8,10x8,False,7,7,False,None,0,False,,,False,False,False
aedd82e4,1,5x4,5x4,False,3,3,False,None,0,False,,,False,False,False
aedd82e4,2,4x4,4x4,False,3,3,False,None,0,False,,,False,False,False
aedd82e4,3,3x3,3x3,False,3,3,False,None,0,False,,,False,False,False
aedd82e4,4,3x3,3x3,False,2,2,False,None,0,False,,,False,False,False
aee291af,1,16x16,4x4,True,26,3,True,crop,1,False,,,True,False,False
aee291af,2,16x16,4x4,True,24,2,True,crop,1,False,,,True,False,False
aee291af,3,18x18,5x5,True,38,4,True,crop,1,False,,,True,False,False
af24b4cc,1,9x10,4x5,True,13,6,True,None,0,False,,,False,False,False
af24b4cc,2,9x10,4x5,True,17,5,True,None,0,False,,,False,False,False
af24b4cc,3,9x10,4x5,True,18,5,True,None,0,False,,,False,False,False
af726779,1,11x16,11x16,False,9,25,True,None,0,False,,,False,False,False
af726779,2,13x16,13x16,False,7,16,True,None,0,False,,,False,False,False
af726779,3,9x16,9x16,False,6,10,True,None,0,False,,,False,False,False
af902bf9,1,10x10,10x10,False,4,5,True,None,0,False,,,False,False,False
af902bf9,2,10x10,10x10,False,4,5,True,None,0,False,,,False,False,False
af902bf9,3,10x10,10x10,False,8,10,True,None,0,False,,,False,False,False
afe3afe9,1,30x30,7x6,True,30,7,True,None,0,False,,,False,False,False
afe3afe9,2,30x30,6x7,True,32,3,True,None,0,False,,,False,False,False
afe3afe9,3,30x30,7x6,True,28,6,True,None,0,False,,,False,False,False
b0722778,1,8x9,8x2,True,18,6,True,None,0,False,,,False,False,False
b0722778,2,11x9,11x2,True,24,8,True,None,0,False,,,False,False,False
b0c4d837,1,9x9,3x3,True,2,1,True,None,0,False,,,False,False,False
b0c4d837,2,9x9,3x3,True,2,1,True,None,0,False,,,False,False,False
b0c4d837,3,9x9,3x3,True,2,1,True,None,0,False,,,False,False,False
b0c4d837,4,5x6,3x3,True,2,1,True,None,0,False,,,False,False,False
b0c4d837,5,6x6,3x3,True,2,1,True,None,0,False,,,False,False,False
b0c4d837,6,7x7,3x3,True,2,1,True,None,0,False,,,False,False,False
b0f4d537,1,11x13,11x7,True,19,8,True,None,0,False,,,False,False,False
b0f4d537,2,9x13,9x7,True,15,8,True,None,0,False,,,False,False,False
b0f4d537,3,7x13,7x7,True,14,5,True,None,0,False,,,False,False,False
b0f4d537,4,9x11,9x7,True,14,5,True,None,0,False,,,False,False,False
b15fca0b,1,6x6,6x6,False,4,5,True,None,0,False,,,False,False,False
b15fca0b,2,5x5,5x5,False,4,5,True,None,0,False,,,False,False,False
b15fca0b,3,6x6,6x6,False,4,5,True,None,0,False,,,False,False,False
b15fca0b,4,10x10,10x10,False,6,7,True,None,0,False,,,False,False,False
b15fca0b,5,5x5,5x5,False,3,4,True,None,0,False,,,False,False,False
b190f7f5,1,3x6,9x9,True,7,10,True,None,0,False,,,False,False,False
b190f7f5,2,3x6,9x9,True,4,3,True,None,0,False,,,False,False,False
b190f7f5,3,4x8,16x16,True,9,8,True,None,0,False,,,False,False,False
b1948b0a,1,6x4,6x4,False,9,9,False,recolor,1,True,,,False,False,False
b1948b0a,2,3x4,3x4,False,5,5,False,recolor,1,True,,,False,False,False
b1948b0a,3,3x6,3x6,False,7,7,False,recolor,1,True,,,False,False,False
b1986d4b,1,28x28,5x16,True,66,9,True,None,0,False,,,False,False,False
b1986d4b,2,28x28,5x18,True,75,11,True,None,0,False,,,False,False,False
b1986d4b,3,28x28,5x30,True,57,14,True,None,0,False,,,False,False,False
b1fc8b8e,1,6x6,5x5,True,1,4,True,None,0,False,,,False,False,False
b1fc8b8e,2,6x6,5x5,True,1,4,True,None,0,False,,,False,False,False
b1fc8b8e,3,6x6,5x5,True,1,4,True,None,0,False,,,False,False,False
b1fc8b8e,4,6x6,5x5,True,1,4,True,None,0,False,,,False,False,False
b1fc8b8e,5,6x6,5x5,True,2,4,True,None,0,False,,,False,False,False
b20f7c8b,1,18x22,18x22,False,23,17,True,None,0,False,,,False,False,False
b20f7c8b,2,18x22,18x22,False,25,15,True,None,0,False,,,False,False,False
b20f7c8b,3,18x22,18x22,False,15,19,True,None,0,False,,,False,False,False
b230c067,1,10x10,10x10,False,3,3,False,None,0,False,,,False,False,False
b230c067,2,10x10,10x10,False,3,3,False,None,0,False,,,False,False,False
b230c067,3,10x10,10x10,False,3,3,False,None,0,False,,,False,False,False
b25e450b,1,10x10,10x10,False,26,14,True,None,0,False,,,False,False,False
b25e450b,2,6x8,6x8,False,13,10,True,None,0,False,,,False,False,False
b25e450b,3,12x12,12x12,False,24,18,True,None,0,False,,,False,False,False
b27ca6d3,1,15x16,15x16,False,14,16,True,None,0,False,,,False,False,False
b27ca6d3,2,15x18,15x18,False,9,10,True,None,0,False,,,False,False,False
b2862040,1,12x13,12x13,False,8,8,False,None,0,False,,,False,False,False
b2862040,2,12x11,12x11,False,9,9,False,None,0,False,,,False,False,False
b2862040,3,14x15,14x15,False,11,11,False,None,0,False,,,False,False,False
b2862040,4,9x11,9x11,False,4,4,False,None,0,False,,,False,False,False
b2bc3ffd,1,8x8,8x8,False,4,4,False,None,0,False,,,False,False,False
b2bc3ffd,2,8x8,8x8,False,6,6,False,None,0,False,,,False,False,False
b2bc3ffd,3,8x8,8x8,False,5,5,False,None,0,False,,,False,False,False
b457fec5,1,17x18,17x18,False,4,12,True,None,0,False,,,False,False,False
b457fec5,2,23x19,23x19,False,5,16,True,None,0,False,,,False,False,False
b457fec5,3,14x18,14x18,False,5,12,True,None,0,False,,,False,False,False
b4a43f3b,1,13x6,18x18,True,6,21,True,None,0,False,,,False,False,False
b4a43f3b,2,13x6,18x18,True,10,36,True,None,0,False,,,False,False,False
b4a43f3b,3,13x6,18x18,True,6,16,True,None,0,False,,,False,False,False
b4a43f3b,4,13x6,18x18,True,7,24,True,None,0,False,,,False,False,False
b527c5c6,1,20x20,20x20,False,4,4,False,None,0,False,,,False,False,False
b527c5c6,2,20x20,20x20,False,4,4,False,None,0,False,,,False,False,False
b527c5c6,3,20x20,20x20,False,4,4,False,None,0,False,,,False,False,False
b527c5c6,4,10x10,10x10,False,4,4,False,None,0,False,,,False,False,False
b548a754,1,11x11,11x11,False,3,2,True,None,0,False,,,False,False,False
b548a754,2,11x11,11x11,False,3,2,True,None,0,False,,,False,False,False
b548a754,3,13x12,13x12,False,3,2,True,None,0,False,,,False,False,False
b5bb5719,1,3x5,3x5,False,3,5,True,None,0,False,,,False,False,False
b5bb5719,2,3x5,3x5,False,3,5,True,None,0,False,,,False,False,False
b5bb5719,3,3x5,3x5,False,6,7,True,None,0,False,,,False,False,False
b5bb5719,4,3x5,3x5,False,3,5,True,None,0,False,,,False,False,False
b5bb5719,5,5x9,5x9,False,5,9,True,None,0,False,,,False,False,False
b5bb5719,6,3x5,3x5,False,3,5,True,None,0,False,,,False,False,False
b5bb5719,7,4x7,4x7,False,5,8,True,None,0,False,,,False,False,False
b60334d2,1,9x9,9x9,False,4,32,True,None,0,False,,,False,False,False
b60334d2,2,9x9,9x9,False,3,24,True,None,0,False,,,False,False,False
b6afb2da,1,10x10,10x10,False,2,18,True,None,0,False,,,False,False,False
b6afb2da,2,10x10,10x10,False,2,18,True,None,0,False,,,False,False,False
b71a7747,1,19x19,12x12,True,128,2,True,None,0,False,,,False,False,False
b71a7747,2,25x25,9x9,True,50,3,True,None,0,False,,,False,False,False
b7249182,1,10x13,10x13,False,2,2,False,None,0,False,,,False,False,False
b7249182,2,14x10,14x10,False,2,2,False,None,0,False,,,False,False,False
b7249182,3,10x18,10x18,False,2,2,False,None,0,False,,,False,False,False
b7256dcd,1,5x5,5x5,False,7,4,True,None,0,False,,,False,False,False
b7256dcd,2,6x4,6x4,False,7,4,True,None,0,False,,,False,False,False
b745798f,1,11x11,11x11,False,5,5,False,None,0,False,,,False,False,False
b745798f,2,9x9,9x9,False,4,4,False,None,0,False,,,False,False,False
b745798f,3,5x5,5x5,False,7,4,True,None,0,False,,,False,False,False
b74ca5d1,1,30x30,30x30,False,21,33,True,None,0,False,,,False,False,False
b74ca5d1,2,30x30,30x30,False,37,58,True,None,0,False,,,False,False,False
b74ca5d1,3,30x30,30x30,False,26,33,True,None,0,False,,,False,False,False
b775ac94,1,20x20,20x20,False,4,4,False,None,0,False,,,False,False,False
b775ac94,2,30x30,30x30,False,15,26,True,None,0,False,,,False,False,False
b775ac94,3,14x14,14x14,False,7,9,True,None,0,False,,,False,False,False
b782dc8a,1,13x14,13x14,False,9,44,True,None,0,False,,,False,False,False
b782dc8a,2,11x24,11x24,False,10,67,True,None,0,False,,,False,False,False
b7955b3c,1,18x14,18x14,False,11,5,True,None,0,False,,,False,False,False
b7955b3c,2,10x14,10x14,False,8,6,True,None,0,False,,,False,False,False
b7955b3c,3,10x8,10x8,False,5,3,True,None,0,False,,,False,False,False
b7999b51,1,10x15,3x3,True,3,3,False,None,0,False,,,False,False,False
b7999b51,2,19x18,5x4,True,4,4,False,None,0,False,,,False,False,False
b7999b51,3,10x15,4x3,True,3,3,False,None,0,False,,,False,False,False
b7cb93ac,1,10x12,3x4,True,3,3,False,None,0,False,,,False,False,False
b7cb93ac,2,10x13,3x4,True,3,3,False,None,0,False,,,False,False,False
b7cb93ac,3,10x11,3x4,True,5,5,False,None,0,False,,,False,False,False
b7f8a4d8,1,24x29,24x29,False,60,80,True,None,0,False,,,False,False,False
b7f8a4d8,2,23x28,23x28,False,60,76,True,None,0,False,,,False,False,False
b7f8a4d8,3,26x29,26x29,False,45,55,True,None,0,False,,,False,False,False
b7fb29bc,1,15x15,15x15,False,2,7,True,None,0,False,,,False,False,False
b7fb29bc,2,15x15,15x15,False,2,5,True,None,0,False,,,False,False,False
b7fb29bc,3,15x15,15x15,False,1,7,True,None,0,False,,,False,False,False
b8825c91,1,16x16,16x16,False,110,114,True,None,0,False,,,False,False,False
b8825c91,2,16x16,16x16,False,111,113,True,None,0,False,,,False,False,False
b8825c91,3,16x16,16x16,False,100,102,True,None,0,False,,,False,False,False
b8825c91,4,16x16,16x16,False,119,130,True,None,0,False,,,False,False,False
b8cdaf2b,1,5x5,5x5,False,4,6,True,None,0,False,,,False,False,False
b8cdaf2b,2,5x5,5x5,False,4,8,True,None,0,False,,,False,False,False
b8cdaf2b,3,7x7,7x7,False,4,8,True,None,0,False,,,False,False,False
b8cdaf2b,4,3x3,3x3,False,4,6,True,None,0,False,,,False,False,False
b91ae062,1,3x3,9x9,True,4,4,False,scale_up,1,False,,,False,True,False
b91ae062,2,3x3,6x6,True,4,4,False,scale_up,1,False,,,False,True,False
b91ae062,3,3x3,9x9,True,4,4,False,scale_up,1,False,,,False,True,False
b91ae062,4,3x3,12x12,True,4,4,False,scale_up,1,False,,,False,True,False
b91ae062,5,3x3,6x6,True,3,3,False,scale_up,1,False,,,False,True,False
b942fd60,1,8x8,8x8,False,5,5,False,None,0,False,,,False,False,False
b942fd60,2,12x12,12x12,False,20,20,False,None,0,False,,,False,False,False
b942fd60,3,6x6,6x6,False,6,6,False,None,0,False,,,False,False,False
b942fd60,4,4x6,4x6,False,2,2,False,None,0,False,,,False,False,False
b942fd60,5,10x10,10x10,False,14,14,False,None,0,False,,,False,False,False
b942fd60,6,8x6,8x6,False,6,6,False,None,0,False,,,False,False,False
b94a9452,1,12x11,3x3,True,2,2,False,None,0,False,,,False,False,False
b94a9452,2,12x13,4x4,True,2,2,False,None,0,False,,,False,False,False
b94a9452,3,12x13,5x5,True,2,2,False,None,0,False,,,False,False,False
b9630600,1,30x30,30x30,False,7,1,True,None,0,False,,,False,False,False
b9630600,2,30x30,30x30,False,6,1,True,None,0,False,,,False,False,False
b9630600,3,30x30,30x30,False,7,1,True,None,0,False,,,False,False,False
b9b7f026,1,15x17,1x1,True,5,1,True,crop,1,False,,,True,False,False
b9b7f026,2,15x13,1x1,True,7,1,True,crop,1,False,,,True,False,False
b9b7f026,3,16x17,1x1,True,4,1,True,crop,1,False,,,True,False,False
ba1aa698,1,16x21,16x6,True,9,3,True,None,0,False,,,False,False,False
ba1aa698,2,16x16,16x6,True,7,3,True,None,0,False,,,False,False,False
ba1aa698,3,16x19,16x7,True,7,3,True,None,0,False,,,False,False,False
ba26e723,1,3x13,3x13,False,1,9,True,None,0,False,,,False,False,False
ba26e723,2,3x11,3x11,False,1,8,True,None,0,False,,,False,False,False
ba26e723,3,3x11,3x11,False,1,8,True,None,0,False,,,False,False,False
ba26e723,4,3x14,3x14,False,1,10,True,None,0,False,,,False,False,False
ba26e723,5,3x10,3x10,False,1,7,True,None,0,False,,,False,False,False
ba97ae07,1,8x7,8x7,False,3,3,False,None,0,False,,,False,False,False
ba97ae07,2,7x9,7x9,False,3,3,False,None,0,False,,,False,False,False
ba97ae07,3,8x6,8x6,False,3,3,False,None,0,False,,,False,False,False
ba97ae07,4,13x13,13x13,False,3,3,False,None,0,False,,,False,False,False
ba9d41b8,1,13x15,13x15,False,2,8,True,None,0,False,,,False,False,False
ba9d41b8,2,16x15,16x15,False,1,13,True,None,0,False,,,False,False,False
ba9d41b8,3,17x16,17x16,False,3,16,True,None,0,False,,,False,False,False
bae5c565,1,13x13,13x13,False,11,10,True,None,0,False,,,False,False,False
bae5c565,2,9x9,9x9,False,8,8,False,None,0,False,,,False,False,False
baf41dbf,1,11x15,11x15,False,3,3,False,None,0,False,,,False,False,False
baf41dbf,2,8x17,8x17,False,3,3,False,None,0,False,,,False,False,False
baf41dbf,3,15x15,15x15,False,4,4,False,None,0,False,,,False,False,False
bb43febb,1,10x10,10x10,False,2,4,True,None,0,False,,,False,False,False
bb43febb,2,10x10,10x10,False,2,4,True,None,0,False,,,False,False,False
bb52a14b,1,22x22,22x22,False,60,68,True,None,0,False,,,False,False,False
bb52a14b,2,22x22,22x22,False,52,55,True,None,0,False,,,False,False,False
bb52a14b,3,22x22,22x22,False,55,61,True,None,0,False,,,False,False,False
bbb1b8b6,1,4x9,4x4,True,3,2,True,None,0,False,,,False,False,False
bbb1b8b6,2,4x9,4x4,True,3,1,True,crop,1,False,,,True,False,False
bbb1b8b6,3,4x9,4x4,True,5,4,True,None,0,False,,,False,False,False
bbb1b8b6,4,4x9,4x4,True,4,2,True,crop,1,False,,,True,False,False
bbb1b8b6,5,4x9,4x4,True,4,3,True,None,0,False,,,False,False,False
bbb1b8b6,6,4x9,4x4,True,3,1,True,crop,1,False,,,True,False,False
bbb1b8b6,7,4x9,4x4,True,4,3,True,None,0,False,,,False,False,False
bbc9ae5d,1,1x6,3x6,True,1,1,False,None,0,False,,,False,False,False
bbc9ae5d,2,1x8,4x8,True,1,1,False,None,0,False,,,False,False,False
bbc9ae5d,3,1x10,5x10,True,1,1,False,None,0,False,,,False,False,False
bbc9ae5d,4,1x6,3x6,True,1,1,False,None,0,False,,,False,False,False
bbc9ae5d,5,1x6,3x6,True,1,1,False,None,0,False,,,False,False,False
bc1d5164,1,5x7,3x3,True,4,3,True,None,0,False,,,False,False,False
bc1d5164,2,5x7,3x3,True,6,2,True,None,0,False,,,False,False,False
bc1d5164,3,5x7,3x3,True,4,2,True,None,0,False,,,False,False,False
bc1d5164,4,5x7,3x3,True,5,3,True,None,0,False,,,False,False,False
bc1d5164,5,5x7,3x3,True,4,1,True,None,0,False,,,False,False,False
bc4146bd,1,4x4,4x20,True,14,54,True,None,0,False,,,False,False,False
bc4146bd,2,4x4,4x20,True,11,39,True,None,0,False,,,False,False,False
bc4146bd,3,4x4,4x20,True,10,36,True,None,0,False,,,False,False,False
bc4146bd,4,4x4,4x20,True,4,10,True,None,0,False,,,False,False,False
bc93ec48,1,10x10,10x10,False,12,14,True,None,0,False,,,False,False,False
bc93ec48,2,8x8,8x8,False,8,11,True,None,0,False,,,False,False,False
bc93ec48,3,8x8,8x8,False,11,13,True,None,0,False,,,False,False,False
bcb3040b,1,12x12,12x12,False,21,25,True,None,0,False,,,False,False,False
bcb3040b,2,16x16,16x16,False,32,49,True,None,0,False,,,False,False,False
bcb3040b,3,10x10,10x10,False,11,16,True,None,0,False,,,False,False,False
bd14c3bf,1,18x18,18x18,False,8,8,False,None,0,False,,,False,False,False
bd14c3bf,2,15x15,15x15,False,7,7,False,None,0,False,,,False,False,False
bd14c3bf,3,18x18,18x18,False,9,9,False,None,0,False,,,False,False,False
bd283c4a,1,10x10,10x10,False,25,4,True,None,0,False,,,False,False,False
bd283c4a,2,10x10,10x10,False,25,4,True,None,0,False,,,False,False,False
bd4472b8,1,10x4,10x4,False,5,13,True,None,0,False,,,False,False,False
bd4472b8,2,8x3,8x3,False,4,10,True,None,0,False,,,False,False,False
bd4472b8,3,6x2,6x2,False,3,7,True,None,0,False,,,False,False,False
bd5af378,1,5x6,5x6,False,2,11,True,None,0,False,,,False,False,False
bd5af378,2,5x8,5x8,False,2,11,True,None,0,False,,,False,False,False
bd5af378,3,8x6,8x6,False,2,12,True,None,0,False,,,False,False,False
bd5af378,4,10x10,10x10,False,2,16,True,None,0,False,,,False,False,False
bda2d7a6,1,8x8,8x8,False,3,3,False,recolor,1,True,,,False,False,False
bda2d7a6,2,6x6,6x6,False,2,2,False,recolor,1,True,,,False,False,False
bda2d7a6,3,6x6,6x6,False,2,2,False,recolor,1,True,,,False,False,False
bdad9b1f,1,6x6,6x6,False,2,5,True,None,0,False,,,False,False,False
bdad9b1f,2,6x6,6x6,False,2,5,True,None,0,False,,,False,False,False
be03b35f,1,5x5,2x2,True,4,1,True,None,0,False,,,False,False,False
be03b35f,2,5x5,2x2,True,4,1,True,None,0,False,,,False,False,False
be03b35f,3,5x5,2x2,True,4,1,True,None,0,False,,,False,False,False
be94b721,1,6x11,4x3,True,3,1,True,crop,1,False,,,True,False,False
be94b721,2,5x10,3x2,True,3,1,True,crop,1,False,,,True,False,False
be94b721,3,7x9,3x3,True,3,1,True,crop,1,False,,,True,False,False
be94b721,4,7x13,4x3,True,3,1,True,crop,1,False,,,True,False,False
beb8660c,1,7x4,7x4,False,4,4,False,None,0,False,,,False,False,False
beb8660c,2,10x7,10x7,False,7,7,False,None,0,False,,,False,False,False
beb8660c,3,3x3,3x3,False,3,3,False,None,0,False,,,False,False,False
bf32578f,1,6x6,6x6,False,1,1,False,None,0,False,,,False,False,False
bf32578f,2,10x10,10x10,False,5,1,True,None,0,False,,,False,False,False
bf32578f,3,6x6,6x6,False,5,1,True,None,0,False,,,False,False,False
bf699163,1,17x18,3x3,True,17,2,True,crop,1,False,,,True,False,False
bf699163,2,17x16,3x3,True,15,2,True,crop,1,False,,,True,False,False
bf89d739,1,14x10,14x10,False,4,5,True,None,0,False,,,False,False,False
bf89d739,2,16x12,16x12,False,5,6,True,None,0,False,,,False,False,False
bf89d739,3,14x15,14x15,False,7,8,True,None,0,False,,,False,False,False
bf89d739,4,19x13,19x13,False,5,6,True,None,0,False,,,False,False,False
c074846d,1,6x7,6x7,False,2,3,True,None,0,False,,,False,False,False
c074846d,2,3x3,3x3,False,2,3,True,None,0,False,,,False,False,False
c074846d,3,7x7,7x7,False,2,3,True,None,0,False,,,False,False,False
c074846d,4,7x7,7x7,False,2,3,True,None,0,False,,,False,False,False
c074846d,5,5x7,5x7,False,2,3,True,None,0,False,,,False,False,False
c0f76784,1,12x12,12x12,False,3,6,True,None,0,False,,,False,False,False
c0f76784,2,12x12,12x12,False,3,6,True,None,0,False,,,False,False,False
c0f76784,3,12x12,12x12,False,2,4,True,None,0,False,,,False,False,False
c1990cce,1,1x5,5x5,True,1,7,True,None,0,False,,,False,False,False
c1990cce,2,1x13,13x13,True,1,38,True,None,0,False,,,False,False,False
c1990cce,3,1x7,7x7,True,1,13,True,None,0,False,,,False,False,False
c1d99e64,1,12x14,12x14,False,7,9,True,None,0,False,,,False,False,False
c1d99e64,2,12x19,12x19,False,8,9,True,None,0,False,,,False,False,False
c1d99e64,3,17x15,17x15,False,17,18,True,None,0,False,,,False,False,False
c3202e5a,1,23x23,5x5,True,73,5,True,crop,1,False,,,True,False,False
c3202e5a,2,23x23,5x5,True,107,3,True,crop,1,False,,,True,False,False
c3202e5a,3,23x23,3x3,True,85,2,True,crop,1,False,,,True,False,False
c35c1b4c,1,10x10,10x10,False,23,19,True,None,0,False,,,False,False,False
c35c1b4c,2,10x10,10x10,False,29,25,True,None,0,False,,,False,False,False
c35c1b4c,3,10x10,10x10,False,24,23,True,None,0,False,,,False,False,False
c3e719e8,1,3x3,9x9,True,4,17,True,None,0,False,,,False,False,False
c3e719e8,2,3x3,9x9,True,9,27,True,None,0,False,,,False,False,False
c3e719e8,3,3x3,9x9,True,6,24,True,None,0,False,,,False,False,False
c3fa4749,1,25x25,25x25,False,383,370,True,None,0,False,,,False,False,False
c3fa4749,2,20x20,20x20,False,215,213,True,None,0,False,,,False,False,False
c3fa4749,3,20x20,20x20,False,207,188,True,None,0,False,,,False,False,False
c444b776,1,19x9,19x9,False,10,19,True,None,0,False,,,False,False,False
c444b776,2,19x19,19x19,False,11,41,True,None,0,False,,,False,False,False
c48954c1,1,3x3,9x9,True,8,43,True,None,0,False,,,False,False,False
c48954c1,2,3x3,9x9,True,9,49,True,None,0,False,,,False,False,False
c48954c1,3,3x3,9x9,True,9,49,True,None,0,False,,,False,False,False
c4d1a9ae,1,10x8,10x8,False,21,34,True,None,0,False,,,False,False,False
c4d1a9ae,2,10x8,10x8,False,21,38,True,None,0,False,,,False,False,False
c59eb873,1,2x2,4x4,True,3,3,False,scale_up,1,False,,,False,True,False
c59eb873,2,3x3,6x6,True,3,3,False,scale_up,1,False,,,False,True,False
c59eb873,3,4x4,8x8,True,4,4,False,scale_up,1,False,,,False,True,False
c6141b15,1,16x16,16x16,False,10,8,True,None,0,False,,,False,False,False
c6141b15,2,11x11,11x11,False,4,4,False,None,0,False,,,False,False,False
c6141b15,3,16x16,16x16,False,17,18,True,None,0,False,,,False,False,False
c61be7dc,1,11x11,11x11,False,7,7,False,None,0,False,,,False,False,False
c61be7dc,2,9x9,9x9,False,7,7,False,None,0,False,,,False,False,False
c61be7dc,3,13x13,13x13,False,7,5,True,None,0,False,,,False,False,False
c62e2108,1,22x19,22x19,False,6,2,True,None,0,False,,,False,False,False
c62e2108,2,18x17,18x17,False,3,1,True,None,0,False,,,False,False,False
c62e2108,3,22x22,22x22,False,6,2,True,None,0,False,,,False,False,False
c64f1187,1,17x18,8x14,True,31,10,True,None,0,False,,,False,False,False
c64f1187,2,18x20,8x11,True,27,7,True,None,0,False,,,False,False,False
c658a4bd,1,16x16,9x9,True,6,5,True,None,0,False,,,False,False,False
c658a4bd,2,13x13,8x8,True,5,4,True,None,0,False,,,False,False,False
c6e1b8da,1,20x20,20x20,False,5,5,False,None,0,False,,,False,False,False
c6e1b8da,2,20x20,20x20,False,5,5,False,None,0,False,,,False,False,False
c6e1b8da,3,20x20,20x20,False,3,3,False,None,0,False,,,False,False,False
c7d4e6ad,1,10x10,10x10,False,4,6,True,None,0,False,,,False,False,False
c7d4e6ad,2,10x10,10x10,False,3,4,True,None,0,False,,,False,False,False
c803e39c,1,5x23,9x9,True,8,9,True,None,0,False,,,False,False,False
c803e39c,2,5x23,9x9,True,7,7,False,None,0,False,,,False,False,False
c803e39c,3,6x27,16x16,True,8,13,True,None,0,False,,,False,False,False
c87289bb,1,10x12,10x12,False,6,6,False,None,0,False,,,False,False,False
c87289bb,2,10x12,10x12,False,7,5,True,None,0,False,,,False,False,False
c87289bb,3,10x12,10x12,False,7,5,True,None,0,False,,,False,False,False
c87289bb,4,9x10,9x10,False,4,4,False,None,0,False,,,False,False,False
c8b7cc0f,1,9x9,3x3,True,9,1,True,None,0,False,,,False,False,False
c8b7cc0f,2,7x7,3x3,True,8,1,True,None,0,False,,,False,False,False
c8b7cc0f,3,9x9,3x3,True,10,1,True,None,0,False,,,False,False,False
c8cbb738,1,10x8,3x3,True,10,9,True,None,0,False,,,False,False,False
c8cbb738,2,12x11,5x5,True,17,17,False,None,0,False,,,False,False,False
c8cbb738,3,12x14,5x5,True,9,9,False,None,0,False,,,False,False,False
c8f0f002,1,3x4,3x4,False,7,7,False,recolor,1,True,,,False,False,False
c8f0f002,2,3x6,3x6,False,6,6,False,recolor,1,True,,,False,False,False
c8f0f002,3,3x5,3x5,False,8,8,False,recolor,1,True,,,False,False,False
c909285e,1,26x26,7x7,True,110,9,True,crop,1,False,,,True,False,False
c909285e,2,24x24,7x7,True,98,8,True,crop,1,False,,,True,False,False
c909285e,3,28x28,7x7,True,159,7,True,crop,1,False,,,True,False,False
c920a713,1,20x20,9x9,True,13,5,True,None,0,False,,,False,False,False
c920a713,2,12x12,9x9,True,12,5,True,None,0,False,,,False,False,False
c920a713,3,25x25,11x11,True,19,6,True,None,0,False,,,False,False,False
c92b942c,1,4x6,12x18,True,3,87,True,None,0,False,,,False,False,False
c92b942c,2,2x4,6x12,True,1,36,True,None,0,False,,,False,False,False
c92b942c,3,5x5,15x15,True,1,39,True,None,0,False,,,False,False,False
c92b942c,4,3x3,9x9,True,1,39,True,None,0,False,,,False,False,False
c9680e90,1,9x9,9x9,False,12,9,True,None,0,False,,,False,False,False
c9680e90,2,7x7,7x7,False,9,7,True,None,0,False,,,False,False,False
c9680e90,3,9x9,9x9,False,14,11,True,None,0,False,,,False,False,False
c97c0139,1,19x21,19x21,False,2,6,True,None,0,False,,,False,False,False
c97c0139,2,17x19,17x19,False,1,3,True,None,0,False,,,False,False,False
c9e6f938,1,3x3,3x6,True,1,1,False,None,0,False,,,False,False,False
c9e6f938,2,3x3,3x6,True,2,3,True,None,0,False,,,False,False,False
c9e6f938,3,3x3,3x6,True,1,2,True,None,0,False,,,False,False,False
c9f8e694,1,12x12,12x12,False,8,12,True,None,0,False,,,False,False,False
c9f8e694,2,12x12,12x12,False,9,16,True,None,0,False,,,False,False,False
ca8de6ea,1,5x5,3x3,True,9,9,False,None,0,False,,,False,False,False
ca8de6ea,2,5x5,3x3,True,9,9,False,None,0,False,,,False,False,False
ca8de6ea,3,5x5,3x3,True,9,9,False,None,0,False,,,False,False,False
caa06a1f,1,8x8,8x8,False,50,64,True,None,0,False,,,False,False,False
caa06a1f,2,11x11,11x11,False,50,121,True,None,0,False,,,False,False,False
caa06a1f,3,6x6,6x6,False,26,36,True,None,0,False,,,False,False,False
cad67732,1,5x5,10x10,True,9,20,True,None,0,False,,,False,False,False
cad67732,2,6x6,12x12,True,16,34,True,None,0,False,,,False,False,False
cad67732,3,8x8,16x16,True,8,16,True,None,0,False,,,False,False,False
cb227835,1,12x14,12x14,False,2,14,True,None,0,False,,,False,False,False
cb227835,2,13x13,13x13,False,2,12,True,None,0,False,,,False,False,False
cb227835,3,11x14,11x14,False,2,4,True,None,0,False,,,False,False,False
cbded52d,1,8x8,8x8,False,14,18,True,None,0,False,,,False,False,False
cbded52d,2,8x8,8x8,False,14,18,True,None,0,False,,,False,False,False
cbded52d,3,8x8,8x8,False,11,12,True,None,0,False,,,False,False,False
cc9053aa,1,7x9,7x9,False,5,6,True,None,0,False,,,False,False,False
cc9053aa,2,7x9,7x9,False,4,3,True,None,0,False,,,False,False,False
cc9053aa,3,9x9,9x9,False,5,5,False,None,0,False,,,False,False,False
ccd554ac,1,3x3,9x9,True,1,3,True,tile_repeat,1,False,,,False,False,False
ccd554ac,2,2x2,4x4,True,1,1,False,tile_repeat,1,False,,,False,False,False
ccd554ac,3,2x2,4x4,True,2,8,True,tile_repeat,1,False,,,False,False,False
ccd554ac,4,4x4,16x16,True,4,52,True,tile_repeat,1,False,,,False,False,False
ccd554ac,5,3x3,9x9,True,3,7,True,tile_repeat,1,False,,,False,False,False
ccd554ac,6,4x4,16x16,True,2,17,True,tile_repeat,1,False,,,False,False,False
cce03e0d,1,3x3,9x9,True,3,6,True,None,0,False,,,False,False,False
cce03e0d,2,3x3,9x9,True,4,4,False,None,0,False,,,False,False,False
cce03e0d,3,3x3,9x9,True,7,28,True,None,0,False,,,False,False,False
cd3c21df,1,12x12,2x2,True,11,1,True,crop,1,False,,,True,False,False
cd3c21df,2,11x11,4x1,True,5,1,True,crop,1,False,,,True,False,False
cd3c21df,3,13x13,2x3,True,9,3,True,crop,1,False,,,True,False,False
cdecee7f,1,10x10,3x3,True,7,7,False,None,0,False,,,False,False,False
cdecee7f,2,10x10,3x3,True,6,6,False,None,0,False,,,False,False,False
cdecee7f,3,10x10,3x3,True,9,8,True,None,0,False,,,False,False,False
ce039d91,1,10x10,10x10,False,12,16,True,None,0,False,,,False,False,False
ce039d91,2,10x10,10x10,False,6,9,True,None,0,False,,,False,False,False
ce039d91,3,10x10,10x10,False,13,14,True,None,0,False,,,False,False,False
ce039d91,4,10x10,10x10,False,4,7,True,None,0,False,,,False,False,False
ce22a75a,1,9x9,9x9,False,4,1,True,None,0,False,,,False,False,False
ce22a75a,2,9x9,9x9,False,3,3,False,None,0,False,,,False,False,False
ce4f8723,1,9x4,4x4,True,9,3,True,None,0,False,,,False,False,False
ce4f8723,2,9x4,4x4,True,5,1,True,None,0,False,,,False,False,False
ce4f8723,3,9x4,4x4,True,9,1,True,None,0,False,,,False,False,False
ce4f8723,4,9x4,4x4,True,8,2,True,None,0,False,,,False,False,False
ce602527,1,19x17,5x3,True,5,3,True,crop,1,False,,,True,False,False
ce602527,2,18x18,5x3,True,5,7,True,crop,1,False,,,True,False,False
ce602527,3,15x17,3x5,True,7,6,True,crop,1,False,,,True,False,False
ce602527,4,17x17,5x5,True,6,2,True,crop,1,False,,,True,False,False
ce8d95cc,1,12x9,5x3,True,5,5,False,None,0,False,,,False,False,False
ce8d95cc,2,12x11,5x7,True,11,11,False,None,0,False,,,False,False,False
ce8d95cc,3,12x11,7x5,True,11,11,False,None,0,False,,,False,False,False
ce8d95cc,4,10x11,5x5,True,8,8,False,None,0,False,,,False,False,False
ce9e57f2,1,8x9,8x9,False,4,8,True,None,0,False,,,False,False,False
ce9e57f2,2,7x9,7x9,False,4,8,True,None,0,False,,,False,False,False
ce9e57f2,3,9x9,9x9,False,4,8,True,None,0,False,,,False,False,False
cf133acc,1,15x15,15x15,False,10,6,True,None,0,False,,,False,False,False
cf133acc,2,15x15,15x15,False,6,4,True,None,0,False,,,False,False,False
cf133acc,3,15x15,15x15,False,14,8,True,None,0,False,,,False,False,False
cf5fd0ad,1,3x3,12x12,True,7,88,True,None,0,False,,,False,False,False
cf5fd0ad,2,3x3,12x12,True,3,33,True,None,0,False,,,False,False,False
cf5fd0ad,3,3x3,12x12,True,2,17,True,None,0,False,,,False,False,False
cf98881b,1,4x14,4x4,True,8,5,True,None,0,False,,,False,False,False
cf98881b,2,4x14,4x4,True,14,5,True,None,0,False,,,False,False,False
cf98881b,3,4x14,4x4,True,12,7,True,None,0,False,,,False,False,False
cf98881b,4,4x14,4x4,True,8,4,True,None,0,False,,,False,False,False
cf98881b,5,4x14,4x4,True,11,6,True,None,0,False,,,False,False,False
cfb2ce5a,1,10x10,10x10,False,11,20,True,None,0,False,,,False,False,False
cfb2ce5a,2,10x10,10x10,False,9,14,True,None,0,False,,,False,False,False
cfb2ce5a,3,10x10,10x10,False,11,20,True,None,0,False,,,False,False,False
d017b73f,1,3x11,3x9,True,3,3,False,None,0,False,,,False,False,False
d017b73f,2,3x11,3x8,True,4,4,False,None,0,False,,,False,False,False
d017b73f,3,3x11,3x8,True,3,2,True,None,0,False,,,False,False,False
d017b73f,4,3x9,3x7,True,3,3,False,None,0,False,,,False,False,False
d037b0a7,1,3x3,3x3,False,3,3,False,None,0,False,,,False,False,False
d037b0a7,2,3x3,3x3,False,3,3,False,None,0,False,,,False,False,False
d037b0a7,3,3x3,3x3,False,2,2,False,None,0,False,,,False,False,False
d06dbe63,1,13x13,13x13,False,1,3,True,None,0,False,,,False,False,False
d06dbe63,2,13x13,13x13,False,1,3,True,None,0,False,,,False,False,False
d07ae81c,1,12x14,12x14,False,7,38,True,None,0,False,,,False,False,False
d07ae81c,2,19x12,19x12,False,9,50,True,None,0,False,,,False,False,False
d07ae81c,3,15x15,15x15,False,7,59,True,None,0,False,,,False,False,False
d0f5fe59,1,12x12,3x3,True,3,3,False,None,0,False,,,False,False,False
d0f5fe59,2,16x10,4x4,True,4,4,False,None,0,False,,,False,False,False
d0f5fe59,3,8x12,2x2,True,2,2,False,None,0,False,,,False,False,False
d10ecb37,1,8x8,2x2,True,28,3,True,crop,1,False,,,True,False,False
d10ecb37,2,6x6,2x2,True,19,3,True,crop,1,False,,,True,False,False
d10ecb37,3,12x6,2x2,True,48,4,True,crop,1,False,,,True,False,False
d13f3404,1,3x3,6x6,True,3,14,True,None,0,False,,,False,False,False
d13f3404,2,3x3,6x6,True,3,16,True,None,0,False,,,False,False,False
d13f3404,3,3x3,6x6,True,3,14,True,None,0,False,,,False,False,False
d19f7514,1,12x4,6x4,True,4,1,True,None,0,False,,,False,False,False
d19f7514,2,12x4,6x4,True,9,2,True,None,0,False,,,False,False,False
d19f7514,3,12x4,6x4,True,4,1,True,None,0,False,,,False,False,False
d19f7514,4,12x4,6x4,True,10,4,True,None,0,False,,,False,False,False
d22278a0,1,13x13,13x13,False,2,14,True,None,0,False,,,False,False,False
d22278a0,2,12x12,12x12,False,2,18,True,None,0,False,,,False,False,False
d22278a0,3,7x7,7x7,False,3,8,True,None,0,False,,,False,False,False
d22278a0,4,10x10,10x10,False,2,10,True,None,0,False,,,False,False,False
d23f8c26,1,5x5,5x5,False,11,4,True,None,0,False,,,False,False,False
d23f8c26,2,3x3,3x3,False,5,2,True,recolor,1,True,,,False,False,False
d23f8c26,3,5x5,5x5,False,8,2,True,None,0,False,,,False,False,False
d255d7a7,1,14x14,14x14,False,11,7,True,None,0,False,,,False,False,False
d255d7a7,2,8x8,8x8,False,7,4,True,None,0,False,,,False,False,False
d255d7a7,3,16x16,16x16,False,10,6,True,None,0,False,,,False,False,False
d282b262,1,15x15,15x15,False,20,20,False,None,0,False,,,False,False,False
d282b262,2,15x15,15x15,False,36,36,False,None,0,False,,,False,False,False
d282b262,3,15x15,15x15,False,30,30,False,None,0,False,,,False,False,False
d2abd087,1,10x10,10x10,False,6,6,False,None,0,False,,,False,False,False
d2abd087,2,10x10,10x10,False,3,3,False,None,0,False,,,False,False,False
d2abd087,3,10x10,10x10,False,7,7,False,None,0,False,,,False,False,False
d2acf2cb,1,9x9,9x9,False,32,16,True,recolor,1,True,,,False,False,False
d2acf2cb,2,7x9,7x9,False,4,10,True,None,0,False,,,False,False,False
d2acf2cb,3,6x9,6x9,False,12,17,True,None,0,False,,,False,False,False
d304284e,1,23x28,23x28,False,1,15,True,None,0,False,,,False,False,False
d304284e,2,23x28,23x28,False,1,14,True,None,0,False,,,False,False,False
d364b489,1,10x10,10x10,False,6,25,True,None,0,False,,,False,False,False
d364b489,2,10x10,10x10,False,5,23,True,None,0,False,,,False,False,False
d37a1ef5,1,12x11,12x11,False,3,3,False,None,0,False,,,False,False,False
d37a1ef5,2,8x11,8x11,False,4,4,False,None,0,False,,,False,False,False
d37a1ef5,3,12x12,12x12,False,5,5,False,None,0,False,,,False,False,False
d406998b,1,3x13,3x13,False,13,13,False,None,0,False,,,False,False,False
d406998b,2,3x12,3x12,False,12,12,False,None,0,False,,,False,False,False
d406998b,3,3x14,3x14,False,14,14,False,None,0,False,,,False,False,False
d406998b,4,3x10,3x10,False,10,10,False,None,0,False,,,False,False,False
d43fd935,1,10x10,10x10,False,11,11,False,None,0,False,,,False,False,False
d43fd935,2,10x10,10x10,False,8,8,False,None,0,False,,,False,False,False
d43fd935,3,10x10,10x10,False,5,5,False,None,0,False,,,False,False,False
d4469b4b,1,5x5,3x3,True,5,1,True,None,0,False,,,False,False,False
d4469b4b,2,5x5,3x3,True,4,1,True,None,0,False,,,False,False,False
d4469b4b,3,5x5,3x3,True,3,1,True,None,0,False,,,False,False,False
d4469b4b,4,5x5,3x3,True,3,1,True,None,0,False,,,False,False,False
d4469b4b,5,5x5,3x3,True,5,1,True,None,0,False,,,False,False,False
d4469b4b,6,5x5,3x3,True,3,1,True,None,0,False,,,False,False,False
d4469b4b,7,5x5,3x3,True,5,1,True,None,0,False,,,False,False,False
d47aa2ff,1,10x21,10x10,True,17,10,True,None,0,False,,,False,False,False
d47aa2ff,2,10x21,10x10,True,15,8,True,None,0,False,,,False,False,False
d47aa2ff,3,10x21,10x10,True,17,10,True,None,0,False,,,False,False,False
d492a647,1,13x13,13x13,False,12,38,True,None,0,False,,,False,False,False
d492a647,2,13x16,13x16,False,10,33,True,None,0,False,,,False,False,False
d4a91cb9,1,8x11,8x11,False,2,3,True,None,0,False,,,False,False,False
d4a91cb9,2,10x12,10x12,False,2,3,True,None,0,False,,,False,False,False
d4a91cb9,3,12x11,12x11,False,2,3,True,None,0,False,,,False,False,False
d4b1c2b1,1,3x3,9x9,True,4,4,False,scale_up,1,False,,,False,True,False
d4b1c2b1,2,3x3,3x3,False,1,1,False,"unchanged, rotation, reflection, crop",4,False,90.0,horizontal,True,False,False
d4b1c2b1,3,3x3,3x3,False,1,1,False,"unchanged, rotation, reflection, crop",4,False,90.0,horizontal,True,False,False
d4b1c2b1,4,3x3,12x12,True,7,7,False,scale_up,1,False,,,False,True,False
d4b1c2b1,5,3x3,6x6,True,4,4,False,scale_up,1,False,,,False,True,False
d4b1c2b1,6,3x3,6x6,True,3,3,False,scale_up,1,False,,,False,True,False
d4b1c2b1,7,3x3,6x6,True,2,2,False,scale_up,1,False,,,False,True,False
d4c90558,1,20x20,2x4,True,9,2,True,None,0,False,,,False,False,False
d4c90558,2,25x25,3x8,True,17,3,True,None,0,False,,,False,False,False
d4c90558,3,20x20,4x6,True,19,4,True,None,0,False,,,False,False,False
d4f3cd78,1,10x10,10x10,False,1,2,True,None,0,False,,,False,False,False
d4f3cd78,2,10x10,10x10,False,1,2,True,None,0,False,,,False,False,False
d511f180,1,3x3,3x3,False,8,8,False,recolor,1,True,,,False,False,False
d511f180,2,5x5,5x5,False,16,16,False,recolor,1,True,,,False,False,False
d511f180,3,3x3,3x3,False,8,8,False,recolor,1,True,,,False,False,False
d56f2372,1,22x17,6x7,True,7,2,True,crop,1,False,,,True,False,False
d56f2372,2,21x16,4x5,True,10,3,True,crop,1,False,,,True,False,False
d56f2372,3,21x19,3x5,True,10,1,True,crop,1,False,,,True,False,False
d5c634a2,1,6x7,3x6,True,4,4,False,None,0,False,,,False,False,False
d5c634a2,2,8x7,3x6,True,4,4,False,None,0,False,,,False,False,False
d5c634a2,3,8x7,3x6,True,5,5,False,None,0,False,,,False,False,False
d5c634a2,4,5x4,3x6,True,2,2,False,None,0,False,,,False,False,False
d5c634a2,5,6x5,3x6,True,3,3,False,None,0,False,,,False,False,False
d5c634a2,6,8x7,3x6,True,4,4,False,None,0,False,,,False,False,False
d5c634a2,7,15x15,3x6,True,7,7,False,None,0,False,,,False,False,False
d5d6de2d,1,15x15,15x15,False,2,1,True,None,0,False,,,False,False,False
d5d6de2d,2,10x10,10x10,False,1,1,False,None,0,False,,,False,False,False
d5d6de2d,3,10x10,10x10,False,2,2,False,None,0,False,,,False,False,False
d631b094,1,3x3,1x1,True,1,1,False,crop,1,False,,,True,False,False
d631b094,2,3x3,1x3,True,3,1,True,None,0,False,,,False,False,False
d631b094,3,3x3,1x4,True,1,1,False,None,0,False,,,False,False,False
d631b094,4,3x3,1x2,True,2,1,True,None,0,False,,,False,False,False
d6542281,1,19x19,19x19,False,10,13,True,None,0,False,,,False,False,False
d6542281,2,13x13,13x13,False,9,13,True,None,0,False,,,False,False,False
d6542281,3,13x13,13x13,False,11,18,True,None,0,False,,,False,False,False
d687bc17,1,12x12,12x12,False,11,4,True,None,0,False,,,False,False,False
d687bc17,2,10x15,10x15,False,11,4,True,None,0,False,,,False,False,False
d687bc17,3,14x11,14x11,False,10,4,True,None,0,False,,,False,False,False
d6ad076f,1,10x10,10x10,False,2,3,True,None,0,False,,,False,False,False
d6ad076f,2,10x10,10x10,False,2,3,True,None,0,False,,,False,False,False
d6ad076f,3,10x10,10x10,False,2,3,True,None,0,False,,,False,False,False
d6e50e54,1,10x10,10x10,False,5,5,False,None,0,False,,,False,False,False
d6e50e54,2,8x8,8x8,False,4,4,False,None,0,False,,,False,False,False
d6e50e54,3,12x12,12x12,False,6,6,False,None,0,False,,,False,False,False
d749d46f,1,4x13,10x18,True,7,13,True,None,0,False,,,False,False,False
d749d46f,2,5x16,10x25,True,7,13,True,None,0,False,,,False,False,False
d749d46f,3,6x11,10x16,True,5,9,True,None,0,False,,,False,False,False
d753a70b,1,16x16,16x16,False,39,35,True,None,0,False,,,False,False,False
d753a70b,2,16x16,16x16,False,20,20,False,None,0,False,,,False,False,False
d753a70b,3,16x16,16x16,False,42,44,True,None,0,False,,,False,False,False
d89b689b,1,10x10,10x10,False,5,4,True,None,0,False,,,False,False,False
d89b689b,2,10x10,10x10,False,5,4,True,None,0,False,,,False,False,False
d89b689b,3,10x10,10x10,False,5,4,True,None,0,False,,,False,False,False
d8c310e9,1,5x15,5x15,False,6,11,True,None,0,False,,,False,False,False
d8c310e9,2,5x15,5x15,False,5,10,True,None,0,False,,,False,False,False
d8c310e9,3,5x15,5x15,False,7,11,True,None,0,False,,,False,False,False
d90796e8,1,7x6,7x6,False,8,6,True,None,0,False,,,False,False,False
d90796e8,2,3x3,3x3,False,3,2,True,recolor,1,True,,,False,False,False
d90796e8,3,7x7,7x7,False,11,8,True,None,0,False,,,False,False,False
d931c21c,1,16x14,16x14,False,3,6,True,None,0,False,,,False,False,False
d931c21c,2,9x10,9x10,False,1,1,False,"unchanged, crop",2,False,,,True,False,False
d931c21c,3,19x22,19x22,False,6,10,True,None,0,False,,,False,False,False
d931c21c,4,8x8,8x8,False,1,3,True,None,0,False,,,False,False,False
d93c6891,1,16x16,16x16,False,6,4,True,None,0,False,,,False,False,False
d93c6891,2,10x14,10x14,False,4,2,True,recolor,1,True,,,False,False,False
d93c6891,3,16x16,16x16,False,7,5,True,None,0,False,,,False,False,False
d94c3b52,1,17x25,17x25,False,24,24,False,None,0,False,,,False,False,False
d94c3b52,2,17x25,17x25,False,56,56,False,None,0,False,,,False,False,False
d94c3b52,3,17x25,17x25,False,30,30,False,None,0,False,,,False,False,False
d968ffd4,1,5x16,5x16,False,3,4,True,None,0,False,,,False,False,False
d968ffd4,2,4x17,4x17,False,3,5,True,None,0,False,,,False,False,False
d968ffd4,3,19x3,19x3,False,3,5,True,None,0,False,,,False,False,False
d9f24cd1,1,10x10,10x10,False,6,6,False,None,0,False,,,False,False,False
d9f24cd1,2,10x10,10x10,False,5,5,False,None,0,False,,,False,False,False
d9fac9be,1,11x9,1x1,True,20,1,True,crop,1,False,,,True,False,False
d9fac9be,2,7x9,1x1,True,13,1,True,crop,1,False,,,True,False,False
d9fac9be,3,11x12,1x1,True,21,1,True,crop,1,False,,,True,False,False
d9fac9be,4,5x9,1x1,True,9,1,True,crop,1,False,,,True,False,False
da2b0fe3,1,10x10,10x10,False,2,3,True,None,0,False,,,False,False,False
da2b0fe3,2,10x10,10x10,False,2,3,True,None,0,False,,,False,False,False
da2b0fe3,3,10x10,10x10,False,2,3,True,None,0,False,,,False,False,False
da6e95e5,1,30x30,3x3,True,32,4,True,crop,1,False,,,True,False,False
da6e95e5,2,30x30,2x2,True,26,2,True,crop,1,False,,,True,False,False
da6e95e5,3,30x30,4x5,True,22,6,True,crop,1,False,,,True,False,False
dae9d2b5,1,3x6,3x3,True,4,2,True,None,0,False,,,False,False,False
dae9d2b5,2,3x6,3x3,True,4,3,True,None,0,False,,,False,False,False
dae9d2b5,3,3x6,3x3,True,4,2,True,None,0,False,,,False,False,False
dae9d2b5,4,3x6,3x3,True,4,1,True,None,0,False,,,False,False,False
dae9d2b5,5,3x6,3x3,True,3,2,True,None,0,False,,,False,False,False
db118e2a,1,9x7,15x15,True,11,15,True,None,0,False,,,False,False,False
db118e2a,2,7x8,15x15,True,10,13,True,None,0,False,,,False,False,False
db118e2a,3,9x9,15x15,True,14,19,True,None,0,False,,,False,False,False
db118e2a,4,6x7,15x15,True,14,23,True,None,0,False,,,False,False,False
db3e9e38,1,7x8,7x8,False,1,7,True,None,0,False,,,False,False,False
db3e9e38,2,5x7,5x7,False,1,7,True,None,0,False,,,False,False,False
db615bd4,1,25x25,25x25,False,171,119,True,None,0,False,,,False,False,False
db615bd4,2,25x25,25x25,False,164,115,True,None,0,False,,,False,False,False
db615bd4,3,25x25,25x25,False,174,96,True,None,0,False,,,False,False,False
db7260a4,1,10x10,10x10,False,3,3,False,None,0,False,,,False,False,False
db7260a4,2,10x10,10x10,False,2,2,False,None,0,False,,,False,False,False
db7260a4,3,10x10,10x10,False,3,3,False,None,0,False,,,False,False,False
db7260a4,4,10x10,10x10,False,3,3,False,None,0,False,,,False,False,False
db7260a4,5,10x10,10x10,False,2,2,False,None,0,False,,,False,False,False
db93a21d,1,20x20,20x20,False,3,7,True,None,0,False,,,False,False,False
db93a21d,2,15x15,15x15,False,3,7,True,None,0,False,,,False,False,False
db93a21d,3,20x20,20x20,False,3,9,True,None,0,False,,,False,False,False
db93a21d,4,10x10,10x10,False,2,5,True,None,0,False,,,False,False,False
dbc1a6ce,1,12x12,12x12,False,13,20,True,None,0,False,,,False,False,False
dbc1a6ce,2,10x11,10x11,False,8,12,True,None,0,False,,,False,False,False
dbc1a6ce,3,8x9,8x9,False,9,14,True,None,0,False,,,False,False,False
dbc1a6ce,4,10x9,10x9,False,7,9,True,None,0,False,,,False,False,False
dc1df850,1,8x8,8x8,False,4,6,True,None,0,False,,,False,False,False
dc1df850,2,5x5,5x5,False,3,4,True,None,0,False,,,False,False,False
dc1df850,3,4x5,4x5,False,1,2,True,None,0,False,,,False,False,False
dc2aa30b,1,11x11,11x11,False,31,31,False,None,0,False,,,False,False,False
dc2aa30b,2,11x11,11x11,False,31,31,False,None,0,False,,,False,False,False
dc2aa30b,3,11x11,11x11,False,30,30,False,None,0,False,,,False,False,False
dc2e9a9d,1,23x19,23x19,False,3,6,True,None,0,False,,,False,False,False
dc2e9a9d,2,22x17,22x17,False,2,4,True,None,0,False,,,False,False,False
dc2e9a9d,3,22x21,22x21,False,3,6,True,None,0,False,,,False,False,False
dc433765,1,7x7,7x7,False,2,2,False,None,0,False,,,False,False,False
dc433765,2,10x10,10x10,False,2,2,False,None,0,False,,,False,False,False
dc433765,3,3x3,3x3,False,2,2,False,None,0,False,,,False,False,False
dc433765,4,5x3,5x3,False,2,2,False,None,0,False,,,False,False,False
dc433765,5,5x5,5x5,False,2,2,False,None,0,False,,,False,False,False
dc433765,6,11x11,11x11,False,2,2,False,None,0,False,,,False,False,False
dc433765,7,3x3,3x3,False,2,2,False,None,0,False,,,False,False,False
dc46ea44,1,11x11,11x11,False,7,6,True,None,0,False,,,False,False,False
dc46ea44,2,11x11,11x11,False,7,6,True,None,0,False,,,False,False,False
dc46ea44,3,11x11,11x11,False,8,8,False,None,0,False,,,False,False,False
dce56571,1,7x11,7x11,False,3,2,True,None,0,False,,,False,False,False
dce56571,2,5x10,5x10,False,2,2,False,None,0,False,,,False,False,False
dce56571,3,9x15,9x15,False,7,3,True,None,0,False,,,False,False,False
dd2401ed,1,7x15,7x15,False,7,7,False,None,0,False,,,False,False,False
dd2401ed,2,7x15,7x15,False,16,16,False,None,0,False,,,False,False,False
dd2401ed,3,7x15,7x15,False,11,11,False,None,0,False,,,False,False,False
dd2401ed,4,7x15,7x15,False,9,9,False,None,0,False,,,False,False,False
ddf7fa4f,1,10x10,10x10,False,6,6,False,None,0,False,,,False,False,False
ddf7fa4f,2,10x10,10x10,False,6,6,False,None,0,False,,,False,False,False
ddf7fa4f,3,10x10,10x10,False,6,6,False,None,0,False,,,False,False,False
de1cd16c,1,16x17,1x1,True,11,1,True,crop,1,False,,,True,False,False
de1cd16c,2,16x15,1x1,True,10,1,True,crop,1,False,,,True,False,False
de1cd16c,3,16x19,1x1,True,6,1,True,crop,1,False,,,True,False,False
de1cd16c,4,17x13,1x1,True,10,1,True,crop,1,False,,,True,False,False
de493100,1,30x30,10x10,True,325,52,True,None,0,False,,,False,False,False
de493100,2,30x30,7x5,True,567,23,True,None,0,False,,,False,False,False
de493100,3,30x30,4x4,True,466,11,True,None,0,False,,,False,False,False
de493100,4,30x30,6x8,True,395,25,True,None,0,False,,,False,False,False
ded97339,1,10x10,10x10,False,5,3,True,None,0,False,,,False,False,False
ded97339,2,10x10,10x10,False,4,2,True,None,0,False,,,False,False,False
ded97339,3,10x10,10x10,False,6,2,True,None,0,False,,,False,False,False
df8cc377,1,20x20,20x20,False,14,14,False,None,0,False,,,False,False,False
df8cc377,2,18x23,18x23,False,22,22,False,None,0,False,,,False,False,False
df8cc377,3,12x20,12x20,False,5,5,False,None,0,False,,,False,False,False
df978a02,1,16x16,16x16,False,9,8,True,None,0,False,,,False,False,False
df978a02,2,16x16,16x16,False,5,5,False,None,0,False,,,False,False,False
df978a02,3,16x16,16x16,False,4,4,False,None,0,False,,,False,False,False
df9fd884,1,9x9,9x9,False,4,4,False,None,0,False,,,False,False,False
df9fd884,2,8x8,8x8,False,4,4,False,None,0,False,,,False,False,False
df9fd884,3,9x9,9x9,False,4,4,False,None,0,False,,,False,False,False
e048c9ed,1,4x3,4x3,False,2,2,False,None,0,False,,,False,False,False
e048c9ed,2,10x10,10x10,False,5,9,True,None,0,False,,,False,False,False
e048c9ed,3,8x11,8x11,False,5,9,True,None,0,False,,,False,False,False
e048c9ed,4,6x6,6x6,False,4,7,True,None,0,False,,,False,False,False
e0fb7511,1,13x13,13x13,False,3,9,True,None,0,False,,,False,False,False
e0fb7511,2,13x13,13x13,False,1,6,True,None,0,False,,,False,False,False
e0fb7511,3,13x13,13x13,False,2,9,True,None,0,False,,,False,False,False
e133d23d,1,3x7,3x3,True,6,1,True,None,0,False,,,False,False,False
e133d23d,2,3x7,3x3,True,5,1,True,None,0,False,,,False,False,False
e133d23d,3,3x7,3x3,True,7,1,True,None,0,False,,,False,False,False
e133d23d,4,3x7,3x3,True,7,4,True,None,0,False,,,False,False,False
e133d23d,5,3x7,3x3,True,5,2,True,None,0,False,,,False,False,False
e179c5f4,1,10x3,10x3,False,1,16,True,None,0,False,,,False,False,False
e179c5f4,2,10x2,10x2,False,1,20,True,None,0,False,,,False,False,False
e179c5f4,3,10x4,10x4,False,1,14,True,None,0,False,,,False,False,False
e1baa8a4,1,15x14,2x3,True,6,6,False,None,0,False,,,False,False,False
e1baa8a4,2,12x14,2x3,True,5,5,False,None,0,False,,,False,False,False
e1baa8a4,3,15x15,3x4,True,12,12,False,None,0,False,,,False,False,False
e1baa8a4,4,13x15,2x2,True,4,4,False,crop,1,False,,,True,False,False
e1d2900e,1,30x30,30x30,False,13,13,False,None,0,False,,,False,False,False
e1d2900e,2,30x30,30x30,False,18,18,False,None,0,False,,,False,False,False
e1d2900e,3,10x13,10x13,False,5,5,False,None,0,False,,,False,False,False
e2092e0c,1,15x15,15x15,False,80,78,True,None,0,False,,,False,False,False
e2092e0c,2,15x15,15x15,False,75,74,True,None,0,False,,,False,False,False
e2092e0c,3,15x15,15x15,False,72,70,True,None,0,False,,,False,False,False
e21a174a,1,7x7,7x7,False,3,3,False,None,0,False,,,False,False,False
e21a174a,2,13x13,13x13,False,6,6,False,None,0,False,,,False,False,False
e21a174a,3,13x13,13x13,False,5,5,False,None,0,False,,,False,False,False
e21d9049,1,15x14,15x14,False,7,28,True,None,0,False,,,False,False,False
e21d9049,2,12x11,12x11,False,5,22,True,None,0,False,,,False,False,False
e26a3af2,1,13x14,13x14,False,27,3,True,None,0,False,,,False,False,False
e26a3af2,2,13x17,13x17,False,43,4,True,None,0,False,,,False,False,False
e26a3af2,3,15x14,15x14,False,35,4,True,None,0,False,,,False,False,False
e345f17b,1,4x8,4x4,True,4,2,True,None,0,False,,,False,False,False
e345f17b,2,4x8,4x4,True,3,3,False,None,0,False,,,False,False,False
e345f17b,3,4x8,4x4,True,5,1,True,None,0,False,,,False,False,False
e345f17b,4,4x8,4x4,True,5,4,True,None,0,False,,,False,False,False
e3497940,1,10x9,10x4,True,11,4,True,None,0,False,,,False,False,False
e3497940,2,10x9,10x4,True,5,2,True,None,0,False,,,False,False,False
e3497940,3,10x9,10x4,True,8,4,True,None,0,False,,,False,False,False
e39e9282,1,11x11,11x11,False,8,6,True,None,0,False,,,False,False,False
e39e9282,2,9x9,9x9,False,3,3,False,None,0,False,,,False,False,False
e39e9282,3,15x15,15x15,False,14,10,True,None,0,False,,,False,False,False
e3f79277,1,6x6,16x16,True,2,3,True,None,0,False,,,False,False,False
e3f79277,2,6x6,16x16,True,2,5,True,None,0,False,,,False,False,False
e3fe1151,1,5x5,5x5,False,11,13,True,None,0,False,,,False,False,False
e3fe1151,2,5x5,5x5,False,13,17,True,None,0,False,,,False,False,False
e3fe1151,3,5x5,5x5,False,15,15,False,None,0,False,,,False,False,False
e4075551,1,15x14,15x14,False,5,9,True,None,0,False,,,False,False,False
e4075551,2,14x15,14x15,False,5,9,True,None,0,False,,,False,False,False
e4075551,3,15x15,15x15,False,5,9,True,None,0,False,,,False,False,False
e40b9e2f,1,10x10,10x10,False,2,5,True,None,0,False,,,False,False,False
e40b9e2f,2,10x10,10x10,False,10,13,True,None,0,False,,,False,False,False
e40b9e2f,3,10x10,10x10,False,2,5,True,None,0,False,,,False,False,False
e41c6fd3,1,14x30,14x30,False,4,4,False,None,0,False,,,False,False,False
e41c6fd3,2,13x23,13x23,False,3,3,False,None,0,False,,,False,False,False
e41c6fd3,3,16x30,16x30,False,5,5,False,None,0,False,,,False,False,False
e45ef808,1,12x12,12x12,False,2,6,True,None,0,False,,,False,False,False
e45ef808,2,12x12,12x12,False,2,4,True,None,0,False,,,False,False,False
e4888269,1,10x20,10x20,False,12,12,False,None,0,False,,,False,False,False
e4888269,2,10x20,10x20,False,12,12,False,None,0,False,,,False,False,False
e4888269,3,10x20,10x20,False,10,10,False,None,0,False,,,False,False,False
e48d4e1a,1,10x10,10x10,False,2,1,True,None,0,False,,,False,False,False
e48d4e1a,2,10x10,10x10,False,2,1,True,None,0,False,,,False,False,False
e48d4e1a,3,10x10,10x10,False,2,1,True,None,0,False,,,False,False,False
e48d4e1a,4,10x10,10x10,False,2,1,True,None,0,False,,,False,False,False
e4941b18,1,9x9,9x9,False,4,4,False,None,0,False,,,False,False,False
e4941b18,2,7x7,7x7,False,4,4,False,None,0,False,,,False,False,False
e4941b18,3,11x11,11x11,False,4,4,False,None,0,False,,,False,False,False
e5062a87,1,10x10,10x10,False,8,9,True,None,0,False,,,False,False,False
e5062a87,2,10x10,10x10,False,18,28,True,None,0,False,,,False,False,False
e5062a87,3,10x10,10x10,False,6,7,True,None,0,False,,,False,False,False
e509e548,1,10x11,10x11,False,3,3,False,None,0,False,,,False,False,False
e509e548,2,19x21,19x21,False,8,8,False,None,0,False,,,False,False,False
e509e548,3,14x12,14x12,False,5,5,False,None,0,False,,,False,False,False
e50d258f,1,10x10,3x3,True,30,5,True,crop,1,False,,,True,False,False
e50d258f,2,10x10,5x4,True,12,4,True,crop,1,False,,,True,False,False
e50d258f,3,10x10,6x4,True,16,8,True,crop,1,False,,,True,False,False
e57337a4,1,15x15,3x3,True,1,1,False,None,0,False,,,False,False,False
e57337a4,2,15x15,3x3,True,1,1,False,crop,1,False,,,True,False,False
e57337a4,3,15x15,3x3,True,1,1,False,None,0,False,,,False,False,False
e5790162,1,6x6,6x6,False,2,2,False,None,0,False,,,False,False,False
e5790162,2,8x6,8x6,False,3,3,False,None,0,False,,,False,False,False
e5790162,3,8x8,8x8,False,4,4,False,None,0,False,,,False,False,False
e5790162,4,9x8,9x8,False,4,4,False,None,0,False,,,False,False,False
e5790162,5,6x6,6x6,False,2,2,False,None,0,False,,,False,False,False
e5c44e8f,1,11x11,11x11,False,10,10,False,None,0,False,,,False,False,False
e5c44e8f,2,11x11,11x11,False,1,2,True,None,0,False,,,False,False,False
e5c44e8f,3,11x11,11x11,False,11,11,False,None,0,False,,,False,False,False
e619ca6e,1,25x22,25x22,False,1,6,True,None,0,False,,,False,False,False
e619ca6e,2,29x29,29x29,False,3,18,True,None,0,False,,,False,False,False
e619ca6e,3,29x27,29x27,False,2,16,True,None,0,False,,,False,False,False
e633a9e5,1,3x3,5x5,True,7,7,False,None,0,False,,,False,False,False
e633a9e5,2,3x3,5x5,True,8,8,False,None,0,False,,,False,False,False
e633a9e5,3,3x3,5x5,True,8,8,False,None,0,False,,,False,False,False
e6721834,1,11x20,11x10,True,12,7,True,None,0,False,,,False,False,False
e6721834,2,30x17,15x17,True,20,9,True,None,0,False,,,False,False,False
e6721834,3,10x16,10x8,True,10,6,True,None,0,False,,,False,False,False
e681b708,1,22x24,22x24,False,46,46,False,None,0,False,,,False,False,False
e681b708,2,27x23,27x23,False,55,55,False,None,0,False,,,False,False,False
e681b708,3,20x22,20x22,False,37,37,False,None,0,False,,,False,False,False
e69241bd,1,9x9,9x9,False,24,24,False,None,0,False,,,False,False,False
e69241bd,2,9x9,9x9,False,17,17,False,None,0,False,,,False,False,False
e69241bd,3,7x7,7x7,False,14,14,False,None,0,False,,,False,False,False
e6de6e8f,1,2x12,8x7,True,5,2,True,None,0,False,,,False,False,False
e6de6e8f,2,2x12,8x7,True,5,2,True,None,0,False,,,False,False,False
e6de6e8f,3,2x12,8x7,True,5,2,True,None,0,False,,,False,False,False
e729b7be,1,17x17,17x17,False,25,43,True,None,0,False,,,False,False,False
e729b7be,2,15x15,15x15,False,20,33,True,None,0,False,,,False,False,False
e729b7be,3,17x17,17x17,False,19,31,True,None,0,False,,,False,False,False
e73095fd,1,13x16,13x16,False,1,3,True,None,0,False,,,False,False,False
e73095fd,2,12x19,12x19,False,1,5,True,None,0,False,,,False,False,False
e73095fd,3,15x17,15x17,False,1,4,True,None,0,False,,,False,False,False
e734a0e8,1,23x23,23x23,False,18,28,True,None,0,False,,,False,False,False
e734a0e8,2,11x11,11x11,False,11,17,True,None,0,False,,,False,False,False
e74e1818,1,11x11,11x11,False,6,6,False,None,0,False,,,False,False,False
e74e1818,2,13x13,13x13,False,10,10,False,None,0,False,,,False,False,False
e74e1818,3,7x7,7x7,False,5,5,False,None,0,False,,,False,False,False
e760a62e,1,24x24,24x24,False,7,18,True,None,0,False,,,False,False,False
e760a62e,2,22x22,22x22,False,5,10,True,None,0,False,,,False,False,False
e760a62e,3,26x26,26x26,False,5,8,True,None,0,False,,,False,False,False
e7639916,1,8x12,8x12,False,3,6,True,None,0,False,,,False,False,False
e7639916,2,10x20,10x20,False,3,6,True,None,0,False,,,False,False,False
e7639916,3,11x13,11x13,False,3,6,True,None,0,False,,,False,False,False
e76a88a6,1,10x10,10x10,False,5,9,True,None,0,False,,,False,False,False
e76a88a6,2,10x10,10x10,False,4,6,True,None,0,False,,,False,False,False
e78887d1,1,5x15,3x15,True,7,7,False,None,0,False,,,False,False,False
e78887d1,2,9x11,3x11,True,14,7,True,None,0,False,,,False,False,False
e78887d1,3,9x15,3x15,True,16,8,True,None,0,False,,,False,False,False
e78887d1,4,13x11,3x11,True,12,4,True,crop,1,False,,,True,False,False
e7a25a18,1,14x14,6x6,True,5,5,False,None,0,False,,,False,False,False
e7a25a18,2,14x14,10x10,True,5,5,False,None,0,False,,,False,False,False
e7b06bea,1,12x8,12x8,False,3,4,True,None,0,False,,,False,False,False
e7b06bea,2,7x7,7x7,False,3,4,True,None,0,False,,,False,False,False
e7b06bea,3,9x7,9x7,False,4,6,True,None,0,False,,,False,False,False
e7b06bea,4,14x6,14x6,False,4,15,True,None,0,False,,,False,False,False
e7b06bea,5,5x5,5x5,False,3,6,True,None,0,False,,,False,False,False
e7dd8335,1,8x9,8x9,False,1,2,True,None,0,False,,,False,False,False
e7dd8335,2,7x7,7x7,False,1,2,True,None,0,False,,,False,False,False
e7dd8335,3,9x9,9x9,False,1,2,True,None,0,False,,,False,False,False
e84fef15,1,29x29,5x5,True,125,6,True,None,0,False,,,False,False,False
e84fef15,2,29x29,5x5,True,149,7,True,None,0,False,,,False,False,False
e84fef15,3,29x29,5x5,True,122,5,True,None,0,False,,,False,False,False
e8593010,1,10x10,10x10,False,2,18,True,None,0,False,,,False,False,False
e8593010,2,10x10,10x10,False,1,16,True,None,0,False,,,False,False,False
e8593010,3,10x10,10x10,False,2,18,True,None,0,False,,,False,False,False
e872b94a,1,7x7,3x1,True,2,0,True,crop,1,False,,,True,False,False
e872b94a,2,3x3,2x1,True,1,0,True,crop,1,False,,,True,False,False
e872b94a,3,9x12,5x1,True,4,0,True,crop,1,False,,,True,False,False
e872b94a,4,12x12,4x1,True,3,0,True,crop,1,False,,,True,False,False
e88171ec,1,15x15,15x15,False,15,16,True,None,0,False,,,False,False,False
e88171ec,2,19x19,19x19,False,33,34,True,None,0,False,,,False,False,False
e88171ec,3,16x16,16x16,False,13,14,True,None,0,False,,,False,False,False
e8dc4411,1,13x15,13x15,False,2,7,True,None,0,False,,,False,False,False
e8dc4411,2,12x14,12x14,False,3,22,True,None,0,False,,,False,False,False
e8dc4411,3,12x16,12x16,False,2,8,True,None,0,False,,,False,False,False
e9614598,1,10x10,10x10,False,2,3,True,None,0,False,,,False,False,False
e9614598,2,10x10,10x10,False,2,3,True,None,0,False,,,False,False,False
e98196ab,1,11x11,5x11,True,15,14,True,None,0,False,,,False,False,False
e98196ab,2,11x11,5x11,True,12,11,True,None,0,False,,,False,False,False
e98196ab,3,11x11,5x11,True,15,14,True,None,0,False,,,False,False,False
e99362f0,1,11x9,5x4,True,12,9,True,None,0,False,,,False,False,False
e99362f0,2,11x9,5x4,True,12,10,True,None,0,False,,,False,False,False
e99362f0,3,11x9,5x4,True,12,9,True,None,0,False,,,False,False,False
e99362f0,4,11x9,5x4,True,8,6,True,None,0,False,,,False,False,False
e99362f0,5,11x9,5x4,True,15,10,True,None,0,False,,,False,False,False
e99362f0,6,11x9,5x4,True,14,11,True,None,0,False,,,False,False,False
e9ac8c9e,1,10x10,10x10,False,5,4,True,None,0,False,,,False,False,False
e9ac8c9e,2,10x10,10x10,False,5,4,True,None,0,False,,,False,False,False
e9ac8c9e,3,10x10,10x10,False,5,4,True,None,0,False,,,False,False,False
e9afcf9a,1,2x6,2x6,False,2,12,True,None,0,False,,,False,False,False
e9afcf9a,2,2x6,2x6,False,2,12,True,None,0,False,,,False,False,False
e9b4f6fc,1,13x13,4x7,True,7,3,True,None,0,False,,,False,False,False
e9b4f6fc,2,13x13,7x7,True,10,4,True,None,0,False,,,False,False,False
e9b4f6fc,3,13x13,4x4,True,8,4,True,None,0,False,,,False,False,False
e9b4f6fc,4,13x13,6x6,True,7,3,True,None,0,False,,,False,False,False
e9bb6954,1,18x14,18x14,False,33,30,True,None,0,False,,,False,False,False
e9bb6954,2,14x13,14x13,False,22,20,True,None,0,False,,,False,False,False
e9bb6954,3,18x18,18x18,False,34,34,False,None,0,False,,,False,False,False
e9bb6954,4,17x18,17x18,False,18,17,True,None,0,False,,,False,False,False
e9c9d9a1,1,15x12,15x12,False,1,6,True,None,0,False,,,False,False,False
e9c9d9a1,2,19x12,19x12,False,1,7,True,None,0,False,,,False,False,False
e9c9d9a1,3,18x16,18x16,False,1,14,True,None,0,False,,,False,False,False
e9fc42f2,1,13x13,8x5,True,8,10,True,None,0,False,,,False,False,False
e9fc42f2,2,13x13,8x10,True,12,9,True,None,0,False,,,False,False,False
e9fc42f2,3,13x13,8x6,True,14,8,True,None,0,False,,,False,False,False
ea32f347,1,10x10,10x10,False,3,3,False,None,0,False,,,False,False,False
ea32f347,2,10x10,10x10,False,3,3,False,None,0,False,,,False,False,False
ea32f347,3,10x10,10x10,False,3,3,False,None,0,False,,,False,False,False
ea32f347,4,10x10,10x10,False,3,3,False,None,0,False,,,False,False,False
ea786f4a,1,5x5,5x5,False,1,4,True,None,0,False,,,False,False,False
ea786f4a,2,3x3,3x3,False,1,4,True,None,0,False,,,False,False,False
ea786f4a,3,7x7,7x7,False,1,4,True,None,0,False,,,False,False,False
ea959feb,1,22x25,22x25,False,396,462,True,None,0,False,,,False,False,False
ea959feb,2,22x25,22x25,False,466,550,True,None,0,False,,,False,False,False
ea959feb,3,22x25,22x25,False,500,550,True,None,0,False,,,False,False,False
ea9794b1,1,10x10,5x5,True,14,9,True,None,0,False,,,False,False,False
ea9794b1,2,10x10,5x5,True,12,9,True,None,0,False,,,False,False,False
ea9794b1,3,10x10,5x5,True,12,5,True,None,0,False,,,False,False,False
ea9794b1,4,10x10,5x5,True,16,7,True,None,0,False,,,False,False,False
ea9794b1,5,10x10,5x5,True,19,15,True,None,0,False,,,False,False,False
ea9794b1,6,10x10,5x5,True,12,9,True,None,0,False,,,False,False,False
eb281b96,1,4x17,13x17,True,17,54,True,None,0,False,,,False,False,False
eb281b96,2,3x17,9x17,True,17,54,True,None,0,False,,,False,False,False
eb5a1d5d,1,22x25,3x3,True,2,2,False,None,0,False,,,False,False,False
eb5a1d5d,2,23x27,5x5,True,3,3,False,None,0,False,,,False,False,False
eb5a1d5d,3,21x22,7x7,True,4,4,False,None,0,False,,,False,False,False
ec883f72,1,9x9,9x9,False,2,5,True,None,0,False,,,False,False,False
ec883f72,2,8x8,8x8,False,2,5,True,None,0,False,,,False,False,False
ec883f72,3,12x12,12x12,False,2,7,True,None,0,False,,,False,False,False
ec883f72,4,6x6,6x6,False,2,4,True,None,0,False,,,False,False,False
ecaa0ec1,1,11x10,11x10,False,8,5,True,None,0,False,,,False,False,False
ecaa0ec1,2,10x10,10x10,False,7,4,True,None,0,False,,,False,False,False
ecaa0ec1,3,11x11,11x11,False,8,5,True,None,0,False,,,False,False,False
ecaa0ec1,4,12x10,12x10,False,7,4,True,None,0,False,,,False,False,False
ecb67b6d,1,6x8,6x8,False,8,8,False,None,0,False,,,False,False,False
ecb67b6d,2,4x5,4x5,False,5,5,False,None,0,False,,,False,False,False
ecb67b6d,3,12x11,12x11,False,22,22,False,None,0,False,,,False,False,False
ecdecbb3,1,13x18,13x18,False,3,5,True,None,0,False,,,False,False,False
ecdecbb3,2,13x13,13x13,False,3,5,True,None,0,False,,,False,False,False
ecdecbb3,3,17x12,17x12,False,4,7,True,None,0,False,,,False,False,False
ed36ccf7,1,3x3,3x3,False,1,1,False,"rotation, reflection",2,False,270.0,horizontal,False,False,False
ed36ccf7,2,3x3,3x3,False,2,2,False,rotation,1,False,270.0,,False,False,False
ed36ccf7,3,3x3,3x3,False,2,2,False,rotation,1,False,270.0,,False,False,False
ed36ccf7,4,3x3,3x3,False,1,1,False,rotation,1,False,270.0,,False,False,False
ed74f2f2,1,5x9,3x3,True,2,1,True,None,0,False,,,False,False,False
ed74f2f2,2,5x9,3x3,True,3,2,True,None,0,False,,,False,False,False
ed74f2f2,3,5x9,3x3,True,4,3,True,None,0,False,,,False,False,False
ed74f2f2,4,5x9,3x3,True,2,1,True,None,0,False,,,False,False,False
ed74f2f2,5,5x9,3x3,True,2,1,True,None,0,False,,,False,False,False
ed74f2f2,6,5x9,3x3,True,4,3,True,None,0,False,,,False,False,False
ed98d772,1,3x3,6x6,True,2,5,True,None,0,False,,,False,False,False
ed98d772,2,3x3,6x6,True,2,2,False,None,0,False,,,False,False,False
ed98d772,3,3x3,6x6,True,2,4,True,None,0,False,,,False,False,False
ed98d772,4,3x3,6x6,True,2,5,True,None,0,False,,,False,False,False
ed98d772,5,3x3,6x6,True,2,3,True,None,0,False,,,False,False,False
edcc2ff0,1,20x10,20x10,False,12,11,True,None,0,False,,,False,False,False
edcc2ff0,2,20x10,20x10,False,10,8,True,None,0,False,,,False,False,False
edcc2ff0,3,20x10,20x10,False,15,12,True,None,0,False,,,False,False,False
ef135b50,1,10x10,10x10,False,4,7,True,None,0,False,,,False,False,False
ef135b50,2,10x10,10x10,False,3,5,True,None,0,False,,,False,False,False
ef135b50,3,10x10,10x10,False,5,9,True,None,0,False,,,False,False,False
ef26cbf6,1,11x7,11x7,False,9,9,False,None,0,False,,,False,False,False
ef26cbf6,2,7x11,7x11,False,10,10,False,None,0,False,,,False,False,False
f0100645,1,10x10,10x10,False,9,4,True,None,0,False,,,False,False,False
f0100645,2,9x9,9x9,False,9,5,True,None,0,False,,,False,False,False
f0afb749,1,2x2,4x4,True,1,3,True,None,0,False,,,False,False,False
f0afb749,2,5x5,10x10,True,3,17,True,None,0,False,,,False,False,False
f0afb749,3,6x6,12x12,True,2,10,True,None,0,False,,,False,False,False
f0df5ff0,1,15x15,15x15,False,67,66,True,None,0,False,,,False,False,False
f0df5ff0,2,15x15,15x15,False,78,78,False,None,0,False,,,False,False,False
f0df5ff0,3,15x15,15x15,False,81,82,True,None,0,False,,,False,False,False
f0f8a26d,1,9x9,9x9,False,6,5,True,None,0,False,,,False,False,False
f0f8a26d,2,9x9,9x9,False,6,6,False,None,0,False,,,False,False,False
f0f8a26d,3,11x11,11x11,False,8,5,True,None,0,False,,,False,False,False
f15e1fac,1,14x10,14x10,False,5,10,True,None,0,False,,,False,False,False
f15e1fac,2,17x12,17x12,False,6,14,True,None,0,False,,,False,False,False
f15e1fac,3,12x12,12x12,False,5,11,True,None,0,False,,,False,False,False
f18ec8cc,1,9x14,9x14,False,9,9,False,None,0,False,,,False,False,False
f18ec8cc,2,7x12,7x12,False,16,16,False,None,0,False,,,False,False,False
f18ec8cc,3,8x13,8x13,False,9,9,False,None,0,False,,,False,False,False
f18ec8cc,4,8x10,8x10,False,9,9,False,None,0,False,,,False,False,False
f1bcbc2c,1,10x10,10x10,False,3,3,False,None,0,False,,,False,False,False
f1bcbc2c,2,10x10,10x10,False,3,4,True,None,0,False,,,False,False,False
f1bcbc2c,3,10x10,10x10,False,3,3,False,None,0,False,,,False,False,False
f1bcbc2c,4,10x10,10x10,False,2,3,True,None,0,False,,,False,False,False
f1cefba8,1,15x17,15x17,False,2,13,True,None,0,False,,,False,False,False
f1cefba8,2,19x13,19x13,False,2,13,True,None,0,False,,,False,False,False
f1cefba8,3,16x18,16x18,False,2,9,True,None,0,False,,,False,False,False
f21745ec,1,21x21,21x21,False,5,4,True,None,0,False,,,False,False,False
f21745ec,2,19x19,19x19,False,5,6,True,None,0,False,,,False,False,False
f21745ec,3,22x22,22x22,False,5,3,True,None,0,False,,,False,False,False
f25fbde4,1,9x9,6x6,True,2,2,False,None,0,False,,,False,False,False
f25fbde4,2,9x9,6x8,True,1,1,False,None,0,False,,,False,False,False
f25fbde4,3,9x9,8x6,True,1,1,False,None,0,False,,,False,False,False
f25ffba3,1,10x4,10x4,False,4,7,True,None,0,False,,,False,False,False
f25ffba3,2,10x4,10x4,False,4,7,True,None,0,False,,,False,False,False
f2829549,1,4x7,4x3,True,6,3,True,None,0,False,,,False,False,False
f2829549,2,4x7,4x3,True,5,1,True,None,0,False,,,False,False,False
f2829549,3,4x7,4x3,True,6,3,True,None,0,False,,,False,False,False
f2829549,4,4x7,4x3,True,6,2,True,None,0,False,,,False,False,False
f2829549,5,4x7,4x3,True,4,2,True,None,0,False,,,False,False,False
f28a3cbb,1,9x9,9x9,False,12,3,True,None,0,False,,,False,False,False
f28a3cbb,2,9x9,9x9,False,10,3,True,None,0,False,,,False,False,False
f341894c,1,10x10,10x10,False,16,16,False,None,0,False,,,False,False,False
f341894c,2,8x8,8x8,False,13,13,False,None,0,False,,,False,False,False
f341894c,3,14x14,14x14,False,22,20,True,None,0,False,,,False,False,False
f35d900a,1,17x16,17x16,False,4,24,True,None,0,False,,,False,False,False
f35d900a,2,17x14,17x14,False,4,22,True,None,0,False,,,False,False,False
f35d900a,3,17x16,17x16,False,4,16,True,None,0,False,,,False,False,False
f35d900a,4,14x14,14x14,False,4,14,True,None,0,False,,,False,False,False
f3b10344,1,30x30,30x30,False,7,12,True,None,0,False,,,False,False,False
f3b10344,2,30x30,30x30,False,5,8,True,None,0,False,,,False,False,False
f3b10344,3,25x30,25x30,False,9,16,True,None,0,False,,,False,False,False
f3cdc58f,1,10x10,10x10,False,23,4,True,None,0,False,,,False,False,False
f3cdc58f,2,10x10,10x10,False,19,4,True,None,0,False,,,False,False,False
f3cdc58f,3,10x10,10x10,False,13,4,True,None,0,False,,,False,False,False
f3e14006,1,12x12,12x12,False,11,19,True,None,0,False,,,False,False,False
f3e14006,2,10x10,10x10,False,11,20,True,None,0,False,,,False,False,False
f3e14006,3,12x12,12x12,False,11,19,True,None,0,False,,,False,False,False
f3e14006,4,15x15,15x15,False,11,28,True,None,0,False,,,False,False,False
f3e62deb,1,10x10,10x10,False,1,1,False,translation,1,False,,,False,False,True
f3e62deb,2,10x10,10x10,False,1,1,False,translation,1,False,,,False,False,True
f3e62deb,3,10x10,10x10,False,1,1,False,translation,1,False,,,False,False,True
f3e62deb,4,10x10,10x10,False,1,1,False,translation,1,False,,,False,False,True
f3e62deb,5,10x10,10x10,False,1,1,False,translation,1,False,,,False,False,True
f3e62deb,6,10x10,10x10,False,1,1,False,translation,1,False,,,False,False,True
f45f5ca7,1,10x10,10x10,False,7,7,False,None,0,False,,,False,False,False
f45f5ca7,2,10x10,10x10,False,7,7,False,None,0,False,,,False,False,False
f45f5ca7,3,10x10,10x10,False,8,8,False,None,0,False,,,False,False,False
f5aa3634,1,15x13,3x3,True,14,2,True,crop,1,False,,,True,False,False
f5aa3634,2,10x13,3x4,True,15,4,True,crop,1,False,,,True,False,False
f5aa3634,3,15x15,3x4,True,19,5,True,crop,1,False,,,True,False,False
f5b8619d,1,6x6,12x12,True,3,15,True,None,0,False,,,False,False,False
f5b8619d,2,3x3,6x6,True,2,14,True,None,0,False,,,False,False,False
f5b8619d,3,2x2,4x4,True,1,8,True,None,0,False,,,False,False,False
f5c89df1,1,13x13,13x13,False,7,8,True,None,0,False,,,False,False,False
f5c89df1,2,13x13,13x13,False,9,12,True,None,0,False,,,False,False,False
f5c89df1,3,13x13,13x13,False,3,1,True,None,0,False,,,False,False,False
f76d97a5,1,5x5,5x5,False,4,2,True,recolor,1,True,,,False,False,False
f76d97a5,2,3x3,3x3,False,5,1,True,recolor,1,True,,,False,False,False
f76d97a5,3,5x5,5x5,False,7,5,True,recolor,1,True,,,False,False,False
f823c43c,1,12x12,12x12,False,30,17,True,None,0,False,,,False,False,False
f823c43c,2,15x19,15x19,False,97,64,True,None,0,False,,,False,False,False
f83cb3f6,1,12x14,12x14,False,12,6,True,None,0,False,,,False,False,False
f83cb3f6,2,17x10,17x10,False,14,6,True,None,0,False,,,False,False,False
f83cb3f6,3,15x10,15x10,False,17,8,True,None,0,False,,,False,False,False
f8a8fe49,1,15x15,15x15,False,6,6,False,None,0,False,,,False,False,False
f8a8fe49,2,15x15,15x15,False,4,4,False,None,0,False,,,False,False,False
f8a8fe49,3,15x15,15x15,False,4,4,False,None,0,False,,,False,False,False
f8b3ba0a,1,13x10,3x1,True,18,3,True,None,0,False,,,False,False,False
f8b3ba0a,2,13x16,3x1,True,30,3,True,None,0,False,,,False,False,False
f8b3ba0a,3,13x13,3x1,True,24,3,True,None,0,False,,,False,False,False
f8b3ba0a,4,13x13,3x1,True,24,3,True,None,0,False,,,False,False,False
f8be4b64,1,18x18,18x18,False,19,37,True,None,0,False,,,False,False,False
f8be4b64,2,10x10,10x10,False,15,30,True,None,0,False,,,False,False,False
f8be4b64,3,13x13,13x13,False,9,14,True,None,0,False,,,False,False,False
f8be4b64,4,30x30,30x30,False,19,35,True,None,0,False,,,False,False,False
f8c80d96,1,10x10,10x10,False,2,7,True,None,0,False,,,False,False,False
f8c80d96,2,10x10,10x10,False,3,10,True,None,0,False,,,False,False,False
f8c80d96,3,10x10,10x10,False,2,10,True,None,0,False,,,False,False,False
f8cc533f,1,19x19,19x19,False,12,9,True,None,0,False,,,False,False,False
f8cc533f,2,11x19,11x19,False,8,6,True,None,0,False,,,False,False,False
f8cc533f,3,11x19,11x19,False,13,13,False,None,0,False,,,False,False,False
f8f52ecc,1,10x10,10x10,False,5,3,True,None,0,False,,,False,False,False
f8f52ecc,2,10x10,10x10,False,8,5,True,None,0,False,,,False,False,False
f8f52ecc,3,12x12,12x12,False,18,12,True,None,0,False,,,False,False,False
f8ff0b80,1,12x12,3x1,True,5,3,True,None,0,False,,,False,False,False
f8ff0b80,2,12x12,3x1,True,5,3,True,None,0,False,,,False,False,False
f8ff0b80,3,12x12,3x1,True,3,3,False,None,0,False,,,False,False,False
f9012d9b,1,4x4,1x1,True,15,1,True,crop,1,False,,,True,False,False
f9012d9b,2,5x5,2x2,True,9,2,True,crop,1,False,,,True,False,False
f9012d9b,3,7x7,2x2,True,9,2,True,crop,1,False,,,True,False,False
f9a67cb5,1,11x12,11x12,False,9,9,False,None,0,False,,,False,False,False
f9a67cb5,2,11x17,11x17,False,9,9,False,None,0,False,,,False,False,False
f9a67cb5,3,10x13,10x13,False,10,10,False,None,0,False,,,False,False,False
f9d67f8b,1,30x30,30x30,False,459,488,True,None,0,False,,,False,False,False
f9d67f8b,2,30x30,30x30,False,444,477,True,None,0,False,,,False,False,False
f9d67f8b,3,30x30,30x30,False,516,534,True,None,0,False,,,False,False,False
f9d67f8b,4,30x30,30x30,False,418,425,True,None,0,False,,,False,False,False
fafd9572,1,10x12,10x12,False,6,6,False,None,0,False,,,False,False,False
fafd9572,2,12x18,12x18,False,18,18,False,None,0,False,,,False,False,False
fafffa47,1,6x3,3x3,True,3,2,True,None,0,False,,,False,False,False
fafffa47,2,6x3,3x3,True,4,2,True,None,0,False,,,False,False,False
fafffa47,3,6x3,3x3,True,5,3,True,None,0,False,,,False,False,False
fafffa47,4,6x3,3x3,True,2,2,False,None,0,False,,,False,False,False
fafffa47,5,6x3,3x3,True,3,1,True,None,0,False,,,False,False,False
fb791726,1,3x3,6x6,True,2,6,True,None,0,False,,,False,False,False
fb791726,2,6x6,12x12,True,4,12,True,None,0,False,,,False,False,False
fb791726,3,7x7,14x14,True,2,6,True,None,0,False,,,False,False,False
fbf15a0b,1,20x20,10x20,True,63,41,True,None,0,False,,,False,False,False
fbf15a0b,2,20x10,10x10,True,31,17,True,crop,1,False,,,True,False,False
fbf15a0b,3,16x30,8x30,True,61,26,True,None,0,False,,,False,False,False
fbf15a0b,4,10x22,10x11,True,21,10,True,None,0,False,,,False,False,False
fc10701f,1,12x12,12x12,False,3,5,True,None,0,False,,,False,False,False
fc10701f,2,8x8,8x8,False,3,4,True,None,0,False,,,False,False,False
fc10701f,3,16x16,16x16,False,3,4,True,None,0,False,,,False,False,False
fc4aaf52,1,16x16,16x16,False,2,15,True,None,0,False,,,False,False,False
fc4aaf52,2,16x16,16x16,False,8,11,True,None,0,False,,,False,False,False
fc754716,1,5x7,5x7,False,1,1,False,None,0,False,,,False,False,False
fc754716,2,5x3,5x3,False,1,1,False,None,0,False,,,False,False,False
fc754716,3,5x5,5x5,False,1,1,False,None,0,False,,,False,False,False
fc754716,4,3x3,3x3,False,1,1,False,recolor,1,True,,,False,False,False
fcb5c309,1,13x16,6x7,True,15,2,True,None,0,False,,,False,False,False
fcb5c309,2,13x13,7x7,True,11,2,True,None,0,False,,,False,False,False
fcb5c309,3,15x16,7x7,True,17,2,True,None,0,False,,,False,False,False
fcc82909,1,10x10,10x10,False,8,10,True,None,0,False,,,False,False,False
fcc82909,2,10x10,10x10,False,5,7,True,None,0,False,,,False,False,False
fcc82909,3,10x10,10x10,False,10,13,True,None,0,False,,,False,False,False
fd02da9e,1,8x8,8x8,False,2,3,True,None,0,False,,,False,False,False
fd02da9e,2,8x8,8x8,False,2,2,False,None,0,False,,,False,False,False
fd02da9e,3,8x8,8x8,False,1,1,False,None,0,False,,,False,False,False
fd02da9e,4,8x8,8x8,False,2,2,False,None,0,False,,,False,False,False
fd096ab6,1,24x24,24x24,False,11,21,True,None,0,False,,,False,False,False
fd096ab6,2,22x22,22x22,False,12,16,True,None,0,False,,,False,False,False
fd4b2b02,1,16x16,16x16,False,1,15,True,None,0,False,,,False,False,False
fd4b2b02,2,23x23,23x23,False,1,12,True,None,0,False,,,False,False,False
fd4b2b02,3,26x26,26x26,False,1,12,True,None,0,False,,,False,False,False
fe45cba4,1,8x8,8x8,False,4,3,True,None,0,False,,,False,False,False
fe45cba4,2,8x8,8x8,False,4,3,True,None,0,False,,,False,False,False
fe9372f3,1,7x16,7x16,False,1,23,True,None,0,False,,,False,False,False
fe9372f3,2,12x10,12x10,False,1,29,True,None,0,False,,,False,False,False
fea12743,1,16x11,16x11,False,6,6,False,None,0,False,,,False,False,False
fea12743,2,16x11,16x11,False,6,6,False,None,0,False,,,False,False,False
fea12743,3,16x11,16x11,False,9,9,False,None,0,False,,,False,False,False
feca6190,1,1x5,15x15,True,3,37,True,None,0,False,,,False,False,False
feca6190,2,1x5,5x5,True,1,3,True,None,0,False,,,False,False,False
feca6190,3,1x5,15x15,True,3,39,True,None,0,False,,,False,False,False
feca6190,4,1x5,5x5,True,1,4,True,None,0,False,,,False,False,False
feca6190,5,1x5,10x10,True,2,18,True,None,0,False,,,False,False,False
ff2825db,1,10x10,10x10,False,10,6,True,None,0,False,,,False,False,False
ff2825db,2,10x10,10x10,False,16,5,True,None,0,False,,,False,False,False
ff2825db,3,10x10,10x10,False,13,5,True,None,0,False,,,False,False,False
ff28f65a,1,6x6,3x3,True,2,2,False,None,0,False,,,False,False,False
ff28f65a,2,7x7,3x3,True,5,5,False,None,0,False,,,False,False,False
ff28f65a,3,7x7,3x3,True,4,4,False,None,0,False,,,False,False,False
ff28f65a,4,3x3,3x3,False,1,1,False,None,0,False,,,False,False,False
ff28f65a,5,5x5,3x3,True,2,2,False,None,0,False,,,False,False,False
ff28f65a,6,7x7,3x3,True,3,3,False,None,0,False,,,False,False,False
ff28f65a,7,7x7,3x3,True,4,4,False,None,0,False,,,False,False,False
ff28f65a,8,5x5,3x3,True,1,1,False,None,0,False,,,False,False,False
ff72ca3e,1,9x8,9x8,False,2,3,True,None,0,False,,,False,False,False
ff72ca3e,2,9x10,9x10,False,2,3,True,None,0,False,,,False,False,False
ff72ca3e,3,9x11,9x11,False,2,3,True,None,0,False,,,False,False,False
ff72ca3e,4,12x10,12x10,False,9,11,True,None,0,False,,,False,False,False
ff805c23,1,24x24,5x5,True,58,1,True,None,0,False,,,False,False,False
ff805c23,2,24x24,5x5,True,18,2,True,None,0,False,,,False,False,False
ff805c23,3,24x24,5x5,True,46,3,True,None,0,False,,,False,False,False
